Vv_m2,2000,1000,VIT_08s0007g01420
rank,node,Fabs,Frel,Functional-annotation,Name-EC-KeggID,Updated-name,Network1,Network2
1,VIT_08s0007g01400,2081,0.9995,Glutathione S-transferase 8 GSTU8,E2_5_1_18_GSTU8,,vv10480Glutathione_metabolism,
2,VIT_19s0015g02700,2076,0.9995,Glutathione S-transferase 25 GSTU25,E2_5_1_18_GSTU25,,vv10480Glutathione_metabolism,
3,VIT_10s0003g01380,2044,0.9966,Myb family,MYBGE_9,,vv60029G2-like,
4,VIT_06s0004g01480,2075,0.9957,Lipoxygenase LOX1,E1_13_11_12,,vv10592alpha-Linolenic_acid_metabolism,
5,VIT_10s0597g00050,2067,0.9952,Heat shock transcription factor B2A,HSFB2A_3,,vv60037HSF,
6,VIT_05s0062g00820,2047,0.9942,Unknown protein,,,,
7,VIT_05s0049g00220,2047,0.9903,2-oxoglutarate-dependent dioxygenase,,,,
8,VIT_03s0063g00550,2041,0.9893,Fw2.2 ORFX,,,,
9,VIT_19s0014g03820,2048,0.9889,Myb domain protein 102,MYB102_2,MYB145,vv60044MYB,
10,VIT_10s0003g04470,2025,0.9854,Glutathione S-conjugate ABC transporter (MRP2),MRP2,,vv52010ABC_transporters,
11,VIT_00s0615g00020<br>VIT_00s0218g00010,2046,0.9846,
12,VIT_08s0007g05030,2037,0.9831,Myb domain protein 36,MYB36_2,MYB150,vv60044MYB,
13,VIT_01s0011g02780,2036,0.9831,Unknown protein,,,,
14,VIT_06s0004g05670,2026,0.9806,Glutathione S-transferase 25 GSTU7,E2_5_1_18_GSTU7,,vv10480Glutathione_metabolism,
15,VIT_05s0094g01020,2023,0.9792,Indole-3-acetate beta-glucosyltransferase,E2_4_1_121,,vv11002Auxin_biosynthesis,
16,VIT_18s0001g11290,2021,0.9787,Signal peptidase 1,K03100,,vv23060Protein_export,vv50132Primary_active_transporter_cat_A5_to_A8
17,VIT_19s0090g00840,2014,0.9753,WRKY DNA-binding protein 6,WRKY6_2,VvWRKY55,vv60066WRKY,
18,VIT_18s0001g01460,1973,0.9490,No hit,,,,
19,VIT_14s0060g02220,1962,0.9483,F-actin capping protein alpha subunit,K10364,,vv44810Regulation_of_actin_cytoskeleton,
20,VIT_09s0002g02370,1910,0.9249,Pentatricopeptide (PPR) repeat-containing,,,,
21,VIT_18s0001g11560,1908,0.9244,CyP82A3,,,,
22,VIT_16s0039g01450,1916,0.9212,Growth-regulating factor 5,GRF5_2,,vv60033GRF,
23,VIT_05s0094g01030,1894,0.9132,UDP-glucose:salicylic acid glucosyltransferase,E2_4_1_35,,vv10500Starch_and_sucrose_metabolism,
24,VIT_07s0005g03940,1884,0.9119,ATBARD1/BARD1 (breast cancer associated ring 1);,K10683,,vv60048PHD,
25,VIT_04s0008g01800,1868,0.9094,Myb domain protein 7,MYB7_3,MYBPA7,vv60044MYB,
26,VIT_00s0245g00030,1868,0.9037,Integral membrane family protein,,,,
27,VIT_07s0255g00030,1864,0.9031,Lipase GDSL,,,,
28,VIT_16s0050g02430,1848,0.8923,Receptor protein kinase,,,,
29,VIT_09s0002g02330,1853,0.8892,Nucleosome/chromatin assembly factor group A,,,,
30,VIT_13s0019g00460,1840,0.8880,Unknown protein,,,,
31,VIT_06s0061g00470,1819,0.8860,Myb domain protein 36,MYB36_1,MYB149,vv60044MYB,
32,VIT_08s0040g01040,1841,0.8838,Serine carboxypeptidase II,,,,
33,VIT_03s0091g00370,1820,0.8818,Pentatricopeptide (PPR) repeat-containing protein,,,,
34,VIT_16s0050g01910,1810,0.8782,Unknown,,,,
35,VIT_12s0134g00140,1820,0.8771,R-linalool synthase,E4_2_3_26,,vv10900Terpenoid_biosynthesis,
36,VIT_16s0013g00090,1792,0.8716,Germin-like protein 3 [Vitis vinifera],,,,
37,VIT_18s0001g07700,1806,0.8691,Ethylene-inducible CTR1,CTR1,,vv30008Ethylene_signaling,
38,VIT_02s0012g02370,1792,0.8649,Geraniol 10-hydroxylase,G10H,,vv10902Monoterpenoid_biosynthesis,
39,VIT_07s0005g05720,1785,0.8632,Tetratricopeptide repeat domain male sterility MS5,,,,
40,VIT_08s0040g01130,1766,0.8581,Serine carboxypeptidase II,,,,
41,VIT_05s0051g00120,1774,0.8570,N-6 Adenine-specific DNA methylase,E2_1_1_72,,vv10271Methionine_metabolism,
42,VIT_05s0102g01200,1779,0.8561,Lectin,,,,
43,VIT_01s0137g00050,1764,0.8555,Myb family,MYBGE_2,,vv60029G2-like,
44,VIT_11s0016g01480,1774,0.8541,Nuclear transcription factor Y subunit A-3,NFYA3_1,,vv60021CCAAT,
45,VIT_03s0063g01640,1772,0.8532,CYP82C1p,,,,
46,VIT_00s0494g00010,1747,0.8411,Growth-regulating factor 1,GRF1_1,,vv60033GRF,
47,VIT_04s0079g00630,1740,0.8398,Unknown,,,,
48,VIT_05s0062g00310,1735,0.8382,UDP-glucoronosyl/UDP-glucosyl transferase UGT75C1,UGT75C1,,vv10942Anthocyanin_biosynthesis,
49,VIT_18s0001g10850,1720,0.8305,Patatin,,,,
50,VIT_18s0041g02260<br>VIT_18s0041g02060,1710,0.8273,
51,VIT_10s0092g00480,1686,0.8180,CYP71D10p,E1_14_13_73,,vv10902Monoterpenoid_biosynthesis,
52,VIT_12s0059g00440,1697,0.8127,No hit,,,,
53,VIT_05s0077g01650,1651,0.8026,Major allergen Pru ar 1,,,,
54,VIT_14s0068g01280,1661,0.8020,V-type H+-transporting ATPase subunit C,K02148,,vv10190Oxidative_phosphorylation,vv44145Phagosome
55,VIT_00s0218g00140,1645,0.7939,Anthocyanidine rhamnosyl-transferase,RHATR,,vv10942Anthocyanin_biosynthesis,
56,VIT_10s0003g01430,1635,0.7937,MEE62 (maternal effect embryo arrest 62),,,,
57,VIT_18s0001g02720,1630,0.7920,fatty acid elongation1 (FAE1),,,,
58,VIT_02s0025g03720,1630,0.7913,DTA2 (downstream target of AGL15 2),,,,
59,VIT_05s0062g00300<br>VIT_05s0062g00270,1630,0.7893,
60,VIT_19s0014g01150,1628,0.7861,Curculin (mannose-binding) lectin,,,,
61,VIT_17s0000g01420,1620,0.7815,Snurportin-1 (RNA U transporter 1),K13151,,vv23013RNA_transport,
62,VIT_01s0137g00510,1607,0.7771,CYP71B10,CYP71B10,,vv10940Phenylpropanoid_biosynthesis,
63,VIT_01s0011g02330,1589,0.7744,Unknown protein,,,,
64,VIT_08s0007g02000,1589,0.7684,Glycerol-3-phosphate acyltransferase 8,E2_3_1_15,,vv10561Glycerolipid_metabolism,vv10564Glycerophospholipid_metabolism
65,VIT_18s0089g00410,1566,0.7595,Sucrose-phosphate synthase 1,E2_4_1_14,,vv10500Starch_and_sucrose_metabolism,
66,VIT_04s0008g01250,1575,0.7554,Unknown,,,,
67,VIT_13s0156g00390,1542,0.7453,Myb family,MYBGE_29,,vv60029G2-like,
68,VIT_13s0074g00450,1520,0.7375,DEMETER protein (DME),,,,
69,VIT_18s0166g00260,1508,0.7317,No hit,,,,
70,VIT_08s0032g00790,1513,0.7316,ABC transporter G member 4,K05680,,vv52010ABC_transporters,
71,VIT_00s0357g00060<br>VIT_00s0357g00080<br>VIT_00s0556g00020<br>VIT_00s0895g00010,1509,0.7286,
72,VIT_04s0008g03530,1510,0.7274,Ankyrin repeat,K10380,,vv50108Accessory_factors_involved_in_transport,
73,VIT_18s0001g13500,1487,0.7225,forkhead-associated domain-containing protein,FHADOM_9,,vv60028FHA,
74,VIT_14s0036g00460,1488,0.7209,Myb domain protein 102,MYB102_3,MYB135,vv60044MYB,
75,VIT_00s0407g00050,1485,0.7115,No hit,,,,
76,VIT_14s0060g02170,1472,0.7104,Glutathione S-transferase GSTU8,E2_5_1_18_GSTU8,,vv10480Glutathione_metabolism,
77,VIT_12s0059g00590,1474,0.7087,Allergenic protein Pt2L4,,,,
78,VIT_05s0049g00570,1455,0.7063,Unknown,,,,
79,VIT_04s0008g01520,1455,0.7049,Heat shock protein 17.6 kDa class II,K13993,,vv24141Protein_processing_in_endoplasmic_reticulum,
80,VIT_06s0004g08250,1444,0.6996,Leucine-rich repeat transmembrane protein kinase  putative,,,,
81,VIT_12s0028g03150,1434,0.6954,Cap-binding protein CBP20,K12883,,vv23013RNA_transport,vv23015mRNA_surveillance_pathway
82,VIT_08s0058g00830,1443,0.6944,MEE40 (maternal effect embryo arrest 40),,,,
83,VIT_00s0282g00030,1428,0.6899,Leaf senescence protein,,,,
84,VIT_09s0002g03620,1418,0.6897,NADP-dependent malic enzyme,E1_1_1_39,,vv10620Pyruvate_metabolism,vv10710Carbon_fixation
85,VIT_17s0000g03580,1420,0.6887,BEE3 (BR Enhanced expression 3),BEE3,,vv60011BHLH,
86,VIT_05s0049g00720,1410,0.6851,No hit,,,,
87,VIT_18s0164g00020,1413,0.6826,Transducin protein,,,,
88,VIT_19s0014g01360,1399,0.6765,Curculin (mannose-binding) lectin,,,,
89,VIT_04s0008g06510,1399,0.6758,Unknown,,,,
90,VIT_02s0012g00410,1389,0.6743,Naringenin 2-oxoglutarate 3-dioxygenase,E1_14_11_9,,vv10941Flavonoid_biosynthesis,
91,VIT_18s0041g02080,1394,0.6734,12-oxophytodienoate reductase 2,E1_3_1_42,,vv10592alpha-Linolenic_acid_metabolism,
92,VIT_09s0002g03030,1387,0.6717,FRK1 (FLG22-induced receptor-like kinase 1),FRK1,,vv34626Plant-pathogen_interaction,
93,VIT_04s0008g02520,1395,0.6713,ATP binding protein,,,,
94,VIT_18s0041g02270,1366,0.6654,12-oxophytodienoate reductase 2,E1_3_1_42,,vv10592alpha-Linolenic_acid_metabolism,
95,VIT_02s0087g00260,1364,0.6612,RPD1 (root primordium defective 1),,,,
96,VIT_01s0011g03430,1369,0.6610,No hit,,,,
97,VIT_06s0004g06700,1370,0.6580,ATP-dependent Clp protease ClpB protein,K03695,,vv50109Incompletely_characterized_transport_systems,
98,VIT_00s0455g00050,1357,0.6575,R protein  PRF  disease resistance protein,K13453,,vv34627R_proteins_from_Plant-pathogen_interaction,
99,VIT_02s0025g00750,1353,0.6536,Pinoresinol forming dirigent protein,DIRPR,,vv10940Phenylpropanoid_biosynthesis,
100,VIT_05s0029g01410,1348,0.6512,No hit,,,,
101,VIT_13s0067g03750,1343,0.6507,Stigma/style ABC transporter WBC19,WBC19,,vv52010ABC_transporters,
102,VIT_08s0040g02900,1353,0.6502,Aluminum sensitive 3,ALS3,,vv52010ABC_transporters,
103,VIT_09s0054g01360,1345,0.6501,Cycloartenol synthase,E5_4_99_8,,vv10100Biosynthesis_of_steroids,
104,VIT_02s0025g03710,1322,0.6436,DTA2 (downstream target of AGL15 2),,,,
105,VIT_04s0023g02260,1334,0.6432,S-adenosyl-L-methionine:salicylic acid carboxyl methyltransferase,SAMTBSCMT,,vv10360Phenylalanine_metabolism,
106,VIT_07s0129g00360,1324,0.6427,Peroxidase 73,E1_11_1_7,,vv10360Phenylalanine_metabolism,vv10680Methane_metabolism
107,VIT_01s0011g02420,1317,0.6387,Unknown,,,,
108,VIT_05s0020g04540,1330,0.6370,Beta-ketoacyl-CoA synthase,E2_3_1_41,,vv10061Fatty_acid_biosynthesis,
109,VIT_18s0001g00630,1316,0.6357,No hit,,,,
110,VIT_00s0194g00340,1305,0.6357,No hit,,,,
111,VIT_19s0090g00950,1305,0.6326,Glycosyltransferase,,,,
112,VIT_00s0225g00080,1305,0.6317,MATE efflux family protein,MATE,,vv50125Porters_cat_66_to_94,
113,VIT_07s0130g00040,1296,0.6313,Myb domain protein 4,MYB4_10,MYB3,vv60044MYB,
114,VIT_01s0011g03500,1299,0.6300,Homocysteine S-methyltransferase 1,E2_1_1_10,,vv10271Methionine_metabolism,
115,VIT_05s0077g01330,1306,0.6285,Unknown,,,,
116,VIT_08s0040g00830,1288,0.6268,Proton-dependent oligopeptide transport (POT) family protein,POT,,vv50122Porters_cat_7_to_17,
117,VIT_13s0019g03530,1298,0.6234,No hit,,,,
118,VIT_13s0084g00130,1272,0.6104,CXE carboxylesterase,E3_1_1_1,,,
119,VIT_16s0022g01710,1259,0.6103,Ser/Thr receptor-like kinase1,,,,
120,VIT_16s0013g01480,1256,0.6068,No hit,,,,
121,VIT_13s0019g01990,1251,0.6067,Phospholipid/glycerol acyltransferase,E2_3_1_51,,vv10561Glycerolipid_metabolism,vv10564Glycerophospholipid_metabolism
122,VIT_16s0100g00670,1250,0.6062,Homeodomain GLABROUS1,HDG1_2,VvHB55,vv60034HB,
123,VIT_01s0010g01870,1254,0.6046,Salicylic acid-induced fragment 1 protein,,,,
124,VIT_19s0093g00310,1247,0.6045,Glutathione S-transferase 8 GSTU19,E2_5_1_18_GSTU19,,vv10480Glutathione_metabolism,
125,VIT_08s0007g03840,1246,0.6022,Unknown protein,,,,
126,VIT_08s0040g01070,1241,0.6021,Serine carboxypeptidase S10,,,,
127,VIT_06s0004g01500,1240,0.6016,Lipoxygenase (LOX2),E1_13_11_12,,vv10592alpha-Linolenic_acid_metabolism,
128,VIT_19s0090g00710,1242,0.5986,No hit,,,,
129,VIT_00s0369g00050,1223,0.5928,Pentatricopeptide (PPR) repeat-containing protein,,,,
130,VIT_14s0030g00210,1227,0.5916,Sugar transporter ERD6-like 5,ERD6L5,,vv50121Porters_cat_1_to_6,
131,VIT_16s0050g01900,1221,0.5879,Leucine-rich repeat protein kinase,,,,
132,VIT_08s0058g00980,1204,0.5831,Cationic peroxidase,E1_11_1_7,,vv10360Phenylalanine_metabolism,vv10680Methane_metabolism
133,VIT_06s0004g01470,1205,0.5830,Lipoxygenase LOX1,E1_13_11_12,,vv10592alpha-Linolenic_acid_metabolism,
134,VIT_03s0063g01850,1202,0.5810,AOS (allene oxide synthase),E4_2_1_92,,vv10592alpha-Linolenic_acid_metabolism,
135,VIT_04s0008g05670,1199,0.5795,FAR1-related sequence 6,FRS6_1,,vv60071Orphans_far-red,
136,VIT_09s0002g00770,1176,0.5676,2OG-Fe(II) oxygenase,,,,
137,VIT_13s0019g03430,1178,0.5661,Anthocyanin 5-aromatic acyltransferase,E2_3_1_153,,vv10941Flavonoid_biosynthesis,vv10942Anthocyanin_biosynthesis
138,VIT_18s0001g08060,1177,0.5656,Unknown,,,,
139,VIT_12s0134g00670,1160,0.5609,Anthocyanin 5-aromatic acyltransferase,E2_3_1_153,,vv10941Flavonoid_biosynthesis,vv10942Anthocyanin_biosynthesis
140,VIT_10s0003g02810,1156,0.5582,WRKY DNA-binding protein 71,WRKY71_1,VvWRKY31,vv60066WRKY,
141,VIT_02s0025g00700,1147,0.5565,Aluminum-activated malate transporter 9,ALMT9,,vv50125Porters_cat_66_to_94,
142,VIT_16s0050g00020,1140,0.5502,Cullin-4,K10609,,vv23420Nucleotide_excision_repair,vv24120Ubiquitin_mediated_proteolysis
143,VIT_19s0014g04900,1135,0.5491,(-)-germacrene D synthase,E4_2_3_22,,vv10900Terpenoid_biosynthesis,
144,VIT_18s0001g06140,1136,0.5485,Phosphate-induced protein 1,,,,
145,VIT_03s0088g00950,1137,0.5474,Unknown protein,,,,
146,VIT_08s0007g09000,1135,0.5444,Glycerol-3-phosphate dehydrogenase,E1_1_1_8,,vv10564Glycerophospholipid_metabolism,
147,VIT_07s0095g00180,1124,0.5417,S-receptor kinase 1,,,,
148,VIT_18s0041g00840,1118,0.5417,UDP-glucose: anthocyanidin 5 3-O-glucosyltransferase,E2_4_1_238,,vv10941Flavonoid_biosynthesis,vv10942Anthocyanin_biosynthesis
149,VIT_18s0157g00070,1125,0.5411,Alliin lyase precursor,E4_4_1_4,,vv10272Cysteine_metabolism,
150,VIT_00s1344g00010,1112,0.5375,No hit,,,,
151,VIT_18s0001g09870,1101,0.5342,Carbohydrate esterase,,,,
152,VIT_00s0286g00100,1111,0.5341,S-locus protein kinase,,,,
153,VIT_02s0012g00430,1101,0.5327,Oxidoreductase  2OG-Fe(II) oxygenase,,,,
154,VIT_07s0005g02310,1091,0.5299,Expansin EXPA17,EXPA17,,vv30003Auxin_signaling,
155,VIT_11s0065g00630,1085,0.5275,CYP706A12,,,,
156,VIT_06s0061g00700,1093,0.5262,Auxin-regulated protein,AUXREG,,vv30003Auxin_signaling,
157,VIT_19s0090g00880,1092,0.5258,Unknown,,,,
158,VIT_10s0042g01040,1080,0.5235,CYP714A1,,,,
159,VIT_12s0035g01710,1081,0.5235,Unknown protein,,,,
160,VIT_02s0154g00290,1082,0.5232,Extensin,EXTENSIN,,vv40006Cell_wall,
161,VIT_02s0012g02340,1085,0.5209,CYP76C4,,,,
162,VIT_00s0218g00030,1061,0.5128,ELO1 (ELONGATA 1),,,,
163,VIT_12s0059g00220,1046,0.5088,Epoxide hydrolase,E3_3_2_10,,,
164,VIT_18s0122g01080,1039,0.5036,Calcium ion binding protein,,,,
165,VIT_16s0098g01740,1040,0.5034,Unknown protein,,,,
166,VIT_19s0090g00890,1034,0.5027,No hit,,,,
167,VIT_18s0001g15550,1038,0.5027,Serine carboxypeptidase II,,,,
168,VIT_01s0026g00310,1018,0.4930,Adaptor protein complex AP-1  gamma 1 subunit,AP1G1,,vv50110Protein_coat,
169,VIT_01s0026g01340,1016,0.4906,Glutathione S-transferase 29 GSTU18,E2_5_1_18_GSTU18,,vv10480Glutathione_metabolism,
170,VIT_18s0122g00620,1017,0.4899,Cinnamoyl-CoA reductase,E1_2_1_44,,vv10940Phenylpropanoid_biosynthesis,
171,VIT_15s0046g00520,1013,0.4891,Wax synthase,E2_3_1_75,,vv11000Single_reactions,
172,VIT_15s0046g02420,1010,0.4886,Aquaporin TMP-C,TMPC,,vv50101Channels_and_pores,
173,VIT_18s0001g10830,1008,0.4870,Patatin,,,,
174,VIT_04s0023g02570,999,0.4854,Peroxidase 72,E1_11_1_7,,vv10360Phenylalanine_metabolism,vv10680Methane_metabolism
175,VIT_14s0219g00280,997,0.4837,Glycerol-3-phosphate dehydrogenase (NAD+),E1_1_1_8,,vv10564Glycerophospholipid_metabolism,
176,VIT_12s0059g00900,998,0.4817,Pentatricopeptide repeat,,,,
177,VIT_17s0000g00080,1001,0.4806,Pentatricopeptide (PPR) repeat-containing protein,,,,
178,VIT_12s0059g02640,991,0.4781,Uclacyanin I,UCC1,,,
179,VIT_08s0217g00060,986,0.4766,Importin 11,IPO11,,,
180,VIT_09s0002g01890,983,0.4760,Hydroxyproline-rich glycoprotein,HRGP,,vv40006Cell_wall,
181,VIT_09s0096g00920,980,0.4734,Aminotransferase class I and II,E2_6_1_1,vv10710Carbon_fixation,vv10252Alanine_and_aspartate_metabolism,vv10272Cysteine_metabolism
182,VIT_08s0007g00950,983,0.4731,No hit,,,,
183,VIT_17s0000g03330,973,0.4710,Receptor serine/threonine kinase PR5K,,,,
184,VIT_00s0341g00060,956,0.4675,Unknown protein,,,,
185,VIT_08s0056g01100,957,0.4621,MATE efflux family protein,MATE,,vv50125Porters_cat_66_to_94,
186,VIT_00s0370g00090,949,0.4620,Vernalization independence 5 (VIP5),VIP5,,vv30009Flower_development,
187,VIT_19s0014g05410,953,0.4606,No hit,,,,
188,VIT_17s0000g03320,944,0.4543,Receptor serine/threonine kinase PR5K-l,,,,
189,VIT_03s0017g01430,926,0.4519,Integral membrane Yip1 family protein,YIP1,,vv50110Protein_coat,
190,VIT_10s0092g00250,939,0.4499,Alpha-glucosidase 1 (AGLU1),E3_2_1_20,,vv10052Galactose_metabolism,vv10500Starch_and_sucrose_metabolism
191,VIT_05s0094g00070,935,0.4478,RabGAP/TBC domain-containing protein,,,,
192,VIT_17s0000g08460,916,0.4464,Carbonic anhydrase  chloroplast precursor,E4_2_1_1,,vv10910Nitrogen_metabolism,vv50124Porters_cat_30_to_64
193,VIT_10s0042g00660,916,0.4457,No hit,,,,
194,VIT_13s0019g03700,916,0.4453,Lateral organ boundaries protein 1,LBD1_8,,vv60007AS2,
195,VIT_10s0116g01900,921,0.4447,Unknown,,,,
196,VIT_09s0054g00770,914,0.4407,TRNA-splicing endonuclease positive effector SEN1,,,,
197,VIT_19s0090g01550,911,0.4390,Mo25,K08272,,vv34150mTOR_signaling_pathway,
198,VIT_02s0236g00090,902,0.4372,Unknown,,,,
199,VIT_05s0102g00810,901,0.4361,Unknown protein,,,,
200,VIT_01s0127g00560,884,0.4293,Protein disulfide isomerase,E5_3_4_1,,,
201,VIT_17s0000g00950,887,0.4293,Hydroxycinnamoyl-CoA quinate hydroxycinnamoyltransferase,E2_3_1_99,,vv10940Phenylpropanoid_biosynthesis,
202,VIT_06s0004g06790,887,0.4287,Gibberellin 2-beta-dioxygenase 7,E1_14_11_13,,vv10904Diterpenoid_biosynthesis,
203,VIT_00s0532g00050,876,0.4250,Basic helix-loop-helix ILR3,ILR3_4,,vv11002Auxin_biosynthesis,vv60011BHLH
204,VIT_09s0018g02100,878,0.4246,Anthocyaninless2 (ANL2),ANL2_2,,vv60034HB,
205,VIT_19s0093g00370,867,0.4184,Glutathione S-transferase 22 GSTU22,E2_5_1_18_GSTU22,,vv10480Glutathione_metabolism,
206,VIT_00s0267g00030,861,0.4159,Unknown,,,,
207,VIT_03s0063g01480,853,0.4143,CYP82C4,,,,
208,VIT_12s0059g00210,843,0.4096,Epoxide hydrolase,E3_3_2_10,,,
209,VIT_15s0046g02660,850,0.4092,Sas10/U3 ribonucleoprotein,,,,
210,VIT_11s0037g00320,838,0.4037,Serine carboxypeptidase S10,,,,
211,VIT_13s0067g00240,819,0.3957,Binding,,,,
212,VIT_12s0059g00910<br>VIT_12s0059g00930,810,0.3940,
213,VIT_08s0007g03050,817,0.3935,E8 protein,E8,,vv30008Ethylene_signaling,
214,VIT_17s0000g06290,802,0.3910,Lipase GDSL,,,,
215,VIT_12s0134g00090,806,0.3905,R-linalool synthase,E4_2_3_26,,vv10900Terpenoid_biosynthesis,
216,VIT_05s0062g00460,803,0.3898,UDP-glucose:flavonoid 7-O-glucosyltransferase,E2_4_1_237,,vv10941Flavonoid_biosynthesis,
217,VIT_18s0041g02400,807,0.3895,Aldehyde oxidase,E1_2_3_7,,vv11002Auxin_biosynthesis,
218,VIT_18s0041g02020,801,0.3888,12-oxophytodienoate reductase 2,E1_3_1_42,,vv10592alpha-Linolenic_acid_metabolism,
219,VIT_10s0003g05250,804,0.3884,Germin-like protein,,,,
220,VIT_14s0066g01350,800,0.3880,No hit,,,,
221,VIT_18s0001g11600,804,0.3877,Transducin protein,,,,
222,VIT_11s0016g04840,789,0.3847,Avr9/Cf-9 rapidly elicited protein 11,,,,
223,VIT_06s0004g04120,788,0.3829,Aquaporin TIP1;3,TIP1_3,,vv50101Channels_and_pores,
224,VIT_08s0007g00890,786,0.3823,Tropinone reductase,E1_1_1_206,,vv10220Urea_cycle_and_metabolism_of_amino_groups,
225,VIT_04s0023g03760,785,0.3803,Unknown protein,,,,
226,VIT_12s0059g00610,780,0.3783,Auxin-resistance protein AXR1 (AXR1),AXR1,,vv30003Auxin_signaling,
227,VIT_17s0000g05620,783,0.3781,Integral membrane HPP family protein,,,,
228,VIT_15s0021g01060,779,0.3758,CYP72A1,K13400,,vv10902Monoterpenoid_biosynthesis,
229,VIT_06s0004g06960,779,0.3754,BCL2 binding anthogene,,,,
230,VIT_14s0030g01940,773,0.3736,CYP81E1 Isoflavone 2'-hydroxylase,E1_14_13_89,,vv10943Isoflavonoid_biosynthesis,
231,VIT_07s0141g00100,773,0.3722,Myb domain protein 93,MYB93_2,MYB179,vv60044MYB,
232,VIT_01s0010g01090,767,0.3714,Peroxidase ATP23a,E1_11_1_7,,vv10360Phenylalanine_metabolism,vv10680Methane_metabolism
233,VIT_18s0001g00280,769,0.3713,OPCL1 (OPC-8:0 COA ligase1),K10526,,vv10592alpha-Linolenic_acid_metabolism,vv50104Group_translocators
234,VIT_14s0006g02280,762,0.3695,Cyclin-dependent kinase D1;2,CDKD1_2,,vv23420Nucleotide_excision_repair,vv44110Cell_cycle
235,VIT_00s0211g00060,761,0.3675,Metalloendopeptidase,,,,
236,VIT_12s0057g01230,756,0.3661,No hit,,,,
237,VIT_16s0050g01380,756,0.3657,Ankyrin repeat protein,,,,
238,VIT_01s0011g04530,735,0.3568,Tetratricopeptide repeat protein 5,,,,
239,VIT_05s0049g01420,734,0.3561,Peroxisomal membrane protein PMP22,,,,
240,VIT_17s0000g06390,729,0.3546,Pentatricopeptide (PPR) repeat-containing protein,,,,
241,VIT_06s0004g07770,721,0.3488,Peroxidase,E1_11_1_7,,vv10360Phenylalanine_metabolism,vv10680Methane_metabolism
242,VIT_15s0048g01670,720,0.3482,CYP704G7,,,,
243,VIT_07s0031g02340,714,0.3471,Amino acid permease 2,AAP2,,vv50123Porters_cat_18_to_29,
244,VIT_08s0007g08210,712,0.3460,Zinc finger (CCCH-type) family protein,CCCHFAM_36,,vv60018C3H,
245,VIT_13s0067g01880,715,0.3431,Other LOB domain-containing protein  ASL5,ASL5_2,,vv60007AS2,
246,VIT_15s0046g00630,702,0.3413,Wax synthase,E2_3_1_75,,vv11000Single_reactions,
247,VIT_08s0058g01380,705,0.3404,Unknown protein,,,,
248,VIT_12s0059g01830,708,0.3396,Unknown,,,,
249,VIT_03s0038g03510,705,0.3394,Auxin-induced SAUR,SAUR,,vv30003Auxin_signaling,
250,VIT_15s0048g03000,692,0.3346,GTPase RABA3,K07976,,,
251,VIT_00s2576g00010,692,0.3345,Phosphoenolpyruvate carboxykinase,E4_1_1_49,,vv10020Citrate_cycle,vv10620Pyruvate_metabolism
252,VIT_18s0001g06850,685,0.3337,Peroxidase GvPx2b class III,E1_11_1_7,,vv10360Phenylalanine_metabolism,vv10680Methane_metabolism
253,VIT_18s0001g15610,682,0.3312,Unknown,,,,
254,VIT_01s0011g03250,679,0.3304,Fw2.2 ORFX,,,,
255,VIT_14s0066g02110,684,0.3301,AAA-type ATPase,,,,
256,VIT_01s0011g00130,683,0.3300,Squamosa promoter-binding protein 6 (SPL6),SPL6_1,,vv60055SBP,
257,VIT_18s0041g00900,684,0.3281,UDP-glycosyltransferase 88A4,,,,
258,VIT_01s0026g01170,679,0.3280,Unknown,,,,
259,VIT_14s0006g02070,674,0.3270,Unknown,,,,
260,VIT_01s0011g01320,673,0.3231,Cholinephosphate cytidylyltransferase,E2_7_7_15,,vv10564Glycerophospholipid_metabolism,
261,VIT_08s0040g03400,672,0.3231,Short-chain dehydrogenase/reductase,,,,
262,VIT_14s0171g00350,671,0.3231,No hit,,,,
263,VIT_02s0025g01780,668,0.3229,Cellulose synthase CSLG3,E2_4_1_12_CSLG3,,vv40006Cell_wall,
264,VIT_14s0083g00460,665,0.3222,Tryptophan synthase beta chain 2,E4_2_1_20,,vv10400Phenylalanine_tyrosine_and_tryptophan_biosynthesis,
265,VIT_11s0016g01650,668,0.3213,Ankyrin repeat,,,,
266,VIT_09s0070g00240,662,0.3212,Cinnamoyl-CoA reductase,E1_2_1_44,,vv10940Phenylpropanoid_biosynthesis,
267,VIT_06s0004g01460<br>VIT_06s0004g01450,663,0.3208,
268,VIT_11s0052g01580,664,0.3205,UDP-glucose:anthocyanidin 3-O-glucosyltransferase,E2_4_1_91,,vv10941Flavonoid_biosynthesis,
269,VIT_14s0128g00670,655,0.3170,Germin-like protein 3 [Vitis vinifera],,,,
270,VIT_03s0063g02390,651,0.3151,No hit,,,,
271,VIT_08s0007g08220,645,0.3120,No hit,,,,
272,VIT_03s0097g00520,642,0.3092,Magnesium transporter CorA,MRS2REL,,vv50101Channels_and_pores,
273,VIT_04s0008g04170,633,0.3088,Unknown,,,,
274,VIT_11s0118g00180,641,0.3085,HHP1 (heptahelical protein 1),,,,
275,VIT_09s0002g08670,622,0.3016,Acetylornithine aminotransferase,E2_6_1_11,,vv10220Urea_cycle_and_metabolism_of_amino_groups,
276,VIT_05s0029g01060,622,0.3014,ATELC/ELC,VPS23,,vv50111Tethering_factors,
277,VIT_12s0059g01190,622,0.3008,Homeobox protein shoot MERISTEMLESS (STM),STM_2,VvHB43,vv50004Auxin_transport,vv60034HB
278,VIT_19s0085g00940,619,0.2995,Myb domain protein 67,MYB67_1,MYB67B,vv60044MYB,
279,VIT_07s0031g00080,612,0.2967,WRKY DNA-binding protein 15,WRKY15_1,VvWRKY21,vv60066WRKY,
280,VIT_19s0015g00070,610,0.2957,CYP71D10p,,,,
281,VIT_17s0000g07770,608,0.2951,LTCOR11,LTCOR11,,vv30010Gibberellin_signaling,
282,VIT_03s0180g00320,611,0.2943,Indole-3-acetate beta-glucosyltransferase,E2_4_1_121,,vv11002Auxin_biosynthesis,
283,VIT_04s0008g02790,606,0.2933,Short-chain dehydrogenase/reductase (SDR),,,,
284,VIT_08s0032g00050,609,0.2931,Acyl-activating enzyme 15,E6_2_1_3_AAE15,,vv10071Fatty_acid_metabolism,vv50104Group_translocators
285,VIT_17s0000g04460,599,0.2912,Calmodulin,K02183,,vv34020Calcium_signaling_pathway,vv34626Plant-pathogen_interaction
286,VIT_11s0016g04880,604,0.2911,Salt-inducible protein kinase,,,,
287,VIT_13s0067g00380,599,0.2902,Pinene synthase,E4_2_3_14,,vv10902Monoterpenoid_biosynthesis,
288,VIT_03s0038g04710,600,0.2892,Isoflavone reductase,E1_3_1_45,,vv10943Isoflavonoid_biosynthesis,
289,VIT_11s0016g01680,597,0.2890,No hit,,,,
290,VIT_16s0039g01310,590,0.2874,Receptor serine/threonine kinase PR5K,,,,
291,VIT_00s0522g00010<br>VIT_00s0266g00010<br>VIT_00s0372g00070<br>VIT_00s0372g00080<br>VIT_00s0572g00010<br>VIT_00s0372g00040<br>VIT_00s0847g00020<br>VIT_00s0572g00020,589,0.2861,
292,VIT_07s0031g00500,592,0.2848,Subtilase,ARA12,,vv50101Channels_and_pores,
293,VIT_03s0038g02760,582,0.2806,V-type H+-transporting ATPase subunit B,K02147,,vv10190Oxidative_phosphorylation,vv44145Phagosome
294,VIT_05s0029g01540,582,0.2801,Ankyrin repeat,K10380,,vv50108Accessory_factors_involved_in_transport,
295,VIT_09s0002g04170,579,0.2789,Acyl-CoA synthetases (Acyl-activating enzyme 13),E6_2_1_3,,vv10071Fatty_acid_metabolism,vv50104Group_translocators
296,VIT_16s0050g01980,570,0.2758,EIX receptor 2,,,,
297,VIT_06s0004g04800,564,0.2743,Triosephosphate isomerase  cytosolic,E5_3_1_1,,vv10010Glycolysis,vv10051Fructose_and_mannose_metabolism
298,VIT_19s0014g00680,564,0.2739,RKF1 (receptor-like kinase in flowers 1),,,,
299,VIT_02s0236g00060,566,0.2732,Unknown,,,,
300,VIT_10s0116g01650,562,0.2724,5'-adenylylsulfate reductase (APR1),E1_8_4_8,,vv10920Sulfur_metabolism,
301,VIT_07s0005g03680,559,0.2715,CCR4-NOT complex subunit CAF16,K12608,,vv23018RNA_degradation,vv52010ABC_transporters
302,VIT_00s1217g00020<br>VIT_00s0809g00010,560,0.2708,
303,VIT_04s0008g01150,556,0.2698,Beta-fructosidase (BFRUCT1),E3_2_1_26,,vv10052Galactose_metabolism,vv10500Starch_and_sucrose_metabolism
304,VIT_08s0058g01390,560,0.2690,WRKY DNA-binding protein 70,WRKY70_2,VvWRKY25,vv60066WRKY,
305,VIT_05s0049g00230,555,0.2677,E8 protein,E8,,vv30008Ethylene_signaling,
306,VIT_02s0012g02380,550,0.2661,Geraniol 10-hydroxylase,G10H,,vv10902Monoterpenoid_biosynthesis,
307,VIT_18s0122g00640,547,0.2655,Cinnamoyl-CoA reductase,E1_2_1_44,,vv10940Phenylpropanoid_biosynthesis,
308,VIT_04s0023g02090,550,0.2653,Dihydroflavonol-4-reductase,E1_1_1_219,,vv10941Flavonoid_biosynthesis,
309,VIT_04s0023g01750,551,0.2652,TVLP1,,,,
310,VIT_13s0101g00320,546,0.2631,Pseudo-response regulator 2 (APRR2) (TOC2),APRR2_2,,vv30007Cytokinin_signaling,vv60006ARR-B
311,VIT_06s0061g00240,540,0.2624,ABC transporter G member 7,ABCG7,,vv52010ABC_transporters,
312,VIT_12s0034g00160,545,0.2619,UDP-glucose glucosyltransferase,E2_4_1_35,,vv10500Starch_and_sucrose_metabolism,
313,VIT_11s0016g02780,543,0.2618,Myb domain protein 68,MYB68_1,MYB154,vv60044MYB,
314,VIT_12s0142g00520,542,0.2613,AAA-type ATPase,,,,
315,VIT_13s0067g00730,536,0.2607,Carboxylic ester hydrolase,E3_1_1_1,,,
316,VIT_05s0049g00300,535,0.2578,1-aminocyclopropane-1-carboxylate oxidase homolog 1,E1_14_17_4,,vv10640Propanoate_metabolism,vv30008Ethylene_signaling
317,VIT_03s0017g01020,528,0.2571,Methyl-CpG-binding domain 8 MBD08,MBD08_1,,vv60017C2H2,
318,VIT_13s0067g02360,528,0.2537,Peroxidase  class III,E1_11_1_7,,vv10360Phenylalanine_metabolism,vv10680Methane_metabolism
319,VIT_08s0058g00990,525,0.2535,Peroxidase,E1_11_1_7,,vv10360Phenylalanine_metabolism,vv10680Methane_metabolism
320,VIT_18s0001g01540,519,0.2516,Oxidoreductase N-terminal domain-containing,,,,
321,VIT_14s0068g01780,520,0.2499,Squamosa promoter-binding protein 13 (SPL13),SPL13_4,,vv60055SBP,
322,VIT_19s0090g00730,515,0.2490,No hit,,,,
323,VIT_06s0004g01550,512,0.2478,Phosphoribosylanthranilate transferase,E2_4_2_18,,vv10400Phenylalanine_tyrosine_and_tryptophan_biosynthesis,
324,VIT_00s1232g00020,508,0.2449,Ribosomal protein L12,K02869,,vv23010Ribosome,
325,VIT_01s0010g00710,506,0.2448,Armadillo/beta-catenin repeat protein / U-box domain-containing protein ,,,,
326,VIT_19s0014g04320,498,0.2425,S-locus protein kinase,,,,
327,VIT_14s0066g01810,495,0.2404,SAG101 (senescence-associated gene 101),,,,
328,VIT_18s0001g10520,496,0.2396,Sterol carrier protein 2,K08764,,vv44146Peroxisome,
329,VIT_08s0007g04540,493,0.2383,Oxidoreductase  2OG-Fe(II) oxygenase,,,,
330,VIT_02s0087g00950,489,0.2375,Pentatricopeptide repeat,,,,
331,VIT_13s0106g00250,491,0.2361,Carboxylic ester hydrolase,E3_1_1_1,,,
332,VIT_10s0042g00470,488,0.2357,Carbonic anhydrase,E4_2_1_1,,vv10910Nitrogen_metabolism,vv50124Porters_cat_30_to_64
333,VIT_00s0313g00050,486,0.2346,RAB GDP dissociation inhibitor 1 ATGD1,,,,
334,VIT_11s0037g00970,485,0.2338,Autophagy-related protein 18 ATG18b,ATG18,,vv44140Regulation_of_autophagy,
335,VIT_06s0004g06210,481,0.2335,CYP86A1,,,,
336,VIT_15s0048g01600,479,0.2329,Geraniol 10-hydroxylase,G10H,,vv10902Monoterpenoid_biosynthesis,
337,VIT_18s0041g00520,486,0.2326,Proton-dependent oligopeptide transport (POT) family protein,POT,,vv50122Porters_cat_7_to_17,
338,VIT_18s0001g13280,481,0.2324,RanBPM,,,,
339,VIT_02s0025g04910,483,0.2319,Growth-regulating factor 5,GRF5_3,,vv60033GRF,
340,VIT_00s0225g00050,479,0.2310,MATE efflux family protein,MATE,,vv50125Porters_cat_66_to_94,
341,VIT_16s0022g02330,475,0.2302,MADS-box agamous-like 6,AGL6_2,,vv60042MADS,
342,VIT_18s0041g00270,479,0.2302,R protein  PRF  disease resistance protein,K13453,,vv34627R_proteins_from_Plant-pathogen_interaction,
343,VIT_03s0038g03480,471,0.2290,Auxin-induced SAUR,SAUR,,vv30003Auxin_signaling,
344,VIT_03s0038g03210,476,0.2290,Chitin elicitor-binding CEBIP LysM domain-containing,K13473,,vv34626Plant-pathogen_interaction,
345,VIT_04s0023g01530,471,0.2267,Transcription initiation factor TFIIB,K03124,,vv23022Basal_transcription_factors,
346,VIT_05s0062g00640,462,0.2244,UDP-glucose:flavonoid 7-O-glucosyltransferase,E2_4_1_237,,vv10941Flavonoid_biosynthesis,
347,VIT_01s0010g02070,459,0.2217,Ethylene-responsive protein,ERUNK_3,,vv30008Ethylene_signaling,vv60011BHLH
348,VIT_18s0001g10440,459,0.2212,THO complex subunit 5,K13174,,vv23013RNA_transport,
349,VIT_12s0059g01590,445,0.2140,Lipase GDSL,,,,
350,VIT_03s0110g00290,436,0.2111,No hit,,,,
351,VIT_06s0061g00220,434,0.2104,Transcription initiation factor TFIIB,K03124,,vv23022Basal_transcription_factors,
352,VIT_19s0090g00790,436,0.2103,F-box family protein,,,,
353,VIT_19s0014g05100,433,0.2088,Basic helix-loop-helix ILR3,ILR3_1,,vv11002Auxin_biosynthesis,vv60011BHLH
354,VIT_01s0011g05270,429,0.2078,Protein BCCIP homolog,,,,
355,VIT_03s0063g00140,430,0.2076,Caffeoyl-CoA O-methyltransferase,E2_1_1_104,,vv10940Phenylpropanoid_biosynthesis,
356,VIT_06s0004g06570,424,0.2054,Calcium/proton exchanger CAX3,K07300_CAX3,,vv50123Porters_cat_18_to_29,
357,VIT_00s2745g00010,425,0.2051,Receptor kinase RK20-1,,,,
358,VIT_16s0050g02070,420,0.2041,Pentatricopeptide repeat-containing protein,,,,
359,VIT_01s0011g01350,423,0.2039,No hit,,,,
360,VIT_18s0001g13400,417,0.2028,Papain cysteine proteinase isoform I,E3_4_22_2,,,
361,VIT_08s0007g03040,406,0.1954,E8 protein,E8,,vv30008Ethylene_signaling,
362,VIT_18s0041g00800,405,0.1954,UDP-glucose: anthocyanidin 5 3-O-glucosyltransferase,RHGT1,,vv10942Anthocyanin_biosynthesis,
363,VIT_13s0019g03380,403,0.1947,Coronatine-insensitive protein 1,COI1,,vv30011Jasmonate_signaling,vv34626Plant-pathogen_interaction
364,VIT_11s0016g00290,405,0.1945,Pectinesterase PME3,E3_1_1_11,,vv40006Cell_wall,
365,VIT_05s0077g01730,400,0.1937,Unknown,,,,
366,VIT_19s0014g04690,399,0.1921,Indole-3-acetic acid-amido synthetase,AUXINBIOSYNTHESIS_GH3,,vv11002Auxin_biosynthesis,
367,VIT_07s0255g00060,394,0.1911,Prolyl oligopeptidase family,,,,
368,VIT_09s0002g08820,394,0.1902,Ankyrin repeat protein family,K10380,,vv50108Accessory_factors_involved_in_transport,
369,VIT_04s0023g02230,389,0.1891,S-adenosyl-L-methionine:salicylic acid carboxyl methyltransferase,SAMTBSCMT,,vv10360Phenylalanine_metabolism,
370,VIT_04s0008g02920,389,0.1886,Desiccation protein PCC13-62 precursor,,,,
371,VIT_06s0004g03100,388,0.1885,MLO1,K08472,,,
372,VIT_08s0058g01330,388,0.1885,Unknown,,,,
373,VIT_04s0023g02040,386,0.1879,Endoplasmatic reticulum retrieval protein 1B,RER1B,,vv50109Incompletely_characterized_transport_systems,
374,VIT_14s0060g01810,388,0.1873,Unknown protein,,,,
375,VIT_04s0023g02100,385,0.1866,Unknown,,,,
376,VIT_03s0017g00180,387,0.1864,No hit,,,,
377,VIT_05s0020g01040,386,0.1860,Unknown protein,,,,
378,VIT_02s0033g01020,383,0.1849,Anthraniloyal-CoA: methanol anthraniloyal transferase,AMAT,,vv10400Phenylalanine_tyrosine_and_tryptophan_biosynthesis,
379,VIT_01s0026g02040,378,0.1823,No hit,,,,
380,VIT_10s0003g00960,375,0.1820,Carboxylic ester hydrolase,E3_1_1_1,,,
381,VIT_15s0021g01080,377,0.1820,CYP72A1,K13400,,vv10902Monoterpenoid_biosynthesis,
382,VIT_13s0019g03180,375,0.1820,Unknown protein,,,,
383,VIT_09s0002g03130,375,0.1817,FRK1 (FLG22-induced receptor-like kinase 1),FRK1,,vv34626Plant-pathogen_interaction,
384,VIT_18s0001g07130,373,0.1811,GEM-like 1,,,,
385,VIT_17s0000g07420,375,0.1798,EDS1 (Enhanced disease susceptibility 1),EDS1,,vv30011Jasmonate_signaling,
386,VIT_17s0000g06970,370,0.1786,Diacylglycerol kinase 1,E2_7_1_107,,vv10561Glycerolipid_metabolism,vv10564Glycerophospholipid_metabolism
387,VIT_07s0151g00740,370,0.1783,Non-specific lipid-transfer protein,,,,
388,VIT_08s0058g00450,368,0.1773,Substrate carrier  Mitochondrial,K03454,,vv50123Porters_cat_18_to_29,
389,VIT_11s0016g02410,366,0.1773,MYB divaricata,DIVARICATA_3,,vv30009Flower_development,vv60044MYB
390,VIT_16s0013g01950,364,0.1764,Hexose transporter [Vitis vinifera],VVHT4,,vv50121Porters_cat_1_to_6,
391,VIT_08s0032g00760,359,0.1738,Translation initiation factor eIF-2 beta subunit,K03238,,vv23013RNA_transport,
392,VIT_03s0088g01140,353,0.1711,Squalene monooxygenase 2,E1_14_99_7,,vv10100Biosynthesis_of_steroids,vv10900Terpenoid_biosynthesis
393,VIT_10s0003g03300,354,0.1699,Unknown protein,,,,
394,VIT_18s0001g12830,353,0.1698,1 4-beta-mannan endohydrolase,E3_2_1_78,,vv10051Fructose_and_mannose_metabolism,
395,VIT_07s0141g01050,348,0.1689,No hit,,,,
396,VIT_17s0053g00460,345,0.1666,Pinoresinol-lariciresinol reductase,PLR,,vv10940Phenylpropanoid_biosynthesis,
397,VIT_17s0053g00670,345,0.1663,Vegetative storage protein,,,,
398,VIT_11s0037g00290,346,0.1662,Plastocyanin domain-containing protein,K02638,,vv10195Photosynthesis,vv50113Thylakoid_targeting_pathway
399,VIT_10s0003g04390,340,0.1655,ABC transporter C member 11,K05671,,vv52010ABC_transporters,
400,VIT_00s2485g00010,344,0.1653,CRK10 (cysteine-rich RLK10),,,,
401,VIT_05s0020g03420,339,0.1638,PHD finger transcription factor,PHDFG_4,,vv60048PHD,
402,VIT_18s0001g02380,338,0.1625,Kinesin protein (MKRP1),MKRP1,,vv44810Regulation_of_actin_cytoskeleton,
403,VIT_09s0002g05340,335,0.1615,2-oxoglutarate-dependent dioxygenase,,,,
404,VIT_01s0011g05170,336,0.1615,Major Latex Protein Family,,,,
405,VIT_12s0034g02570,333,0.1606,Leucine Rich Repeat receptor-like kinase,,,,
406,VIT_18s0001g03910,329,0.1583,Nitrate reductase 2 (NR2),E1_7_1_1,,vv10910Nitrogen_metabolism,vv34020Calcium_signaling_pathway
407,VIT_08s0007g03150,329,0.1578,Pentatricopeptide (PPR) repeat-containing protein,,,,
408,VIT_03s0091g01150,326,0.1573,Cleavage and polyadenylation specificity factor,,,,
409,VIT_12s0059g01580,325,0.1570,Unknown,,,,
410,VIT_19s0014g01110,324,0.1567,Curculin (mannose-binding) lectin,,,,
411,VIT_04s0023g03230,324,0.1558,Auxin-responsive SAUR9,SAUR9,,vv30003Auxin_signaling,
412,VIT_06s0004g01240,318,0.1551,Peroxidase,E1_11_1_7,,vv10360Phenylalanine_metabolism,vv10680Methane_metabolism
413,VIT_10s0003g04460,322,0.1551,ABC transporter C member 11,K05671,,vv52010ABC_transporters,
414,VIT_01s0011g01890,319,0.1538,Glutathione S-transferase  C-terminal,E2_5_1_18,,vv10480Glutathione_metabolism,
415,VIT_15s0024g01510,318,0.1531,Pentatricopeptide (PPR) repeat-containing protein,,,,
416,VIT_12s0134g00070,314,0.1526,No hit,,,,
417,VIT_18s0041g00240,314,0.1515,R protein L6,K13477,,vv34627R_proteins_from_Plant-pathogen_interaction,
418,VIT_07s0104g01100,313,0.1514,Peroxidase,E1_11_1_7,,vv10360Phenylalanine_metabolism,vv10680Methane_metabolism
419,VIT_00s0400g00010,308,0.1484,Unknown protein,,,,
420,VIT_03s0038g04200,305,0.1474,No hit,,,,
421,VIT_01s0137g00410,304,0.1469,CYP86A2,,,,
422,VIT_07s0191g00120,300,0.1466,Pentatricopeptide (PPR) repeat-containing protein,,,,
423,VIT_01s0026g02030,299,0.1449,Basic helix-loop-helix (bHLH) family,BHLHDOM_59,,vv60011BHLH,
424,VIT_14s0108g01350,293,0.1424,Unknown protein,,,,
425,VIT_09s0054g01220,294,0.1422,Cycloartenol synthase,E5_4_99_8,,vv10100Biosynthesis_of_steroids,
426,VIT_10s0092g00220,294,0.1417,Integral membrane family protein UPF0497,,,,
427,VIT_12s0035g01280,288,0.1399,R protein disease resistance protein,RPROT,,vv34627R_proteins_from_Plant-pathogen_interaction,
428,VIT_01s0244g00010,285,0.1381,Basic helix-loop-helix (bHLH) family,BHLHDOM_53,,vv60011BHLH,
429,VIT_05s0020g03830,287,0.1380,Pentatricopeptide (PPR) repeat-containing,,,,
430,VIT_14s0068g00160,286,0.1374,No hit,,,,
431,VIT_00s0392g00060,284,0.1373,(E E)-alpha-farnesene synthase,EAFS,,vv10902Monoterpenoid_biosynthesis,
432,VIT_00s0194g00120,284,0.1372,Serine acetyltransferase,E2_3_1_30,,vv10272Cysteine_metabolism,vv10920Sulfur_metabolism
433,VIT_05s0029g01040,280,0.1353,Aspartate aminotransferase,E2_6_1_1,vv10710Carbon_fixation,vv10252Alanine_and_aspartate_metabolism,vv10272Cysteine_metabolism
434,VIT_05s0020g00890,279,0.1339,P-glycoprotein 11,PGP11,,vv52010ABC_transporters,
435,VIT_01s0011g00100,277,0.1334,MADS-box APETALA 1,APETALA1_2,,vv30009Flower_development,vv60042MADS
436,VIT_12s0035g00060,271,0.1312,DNA (cytosine-5)-methyltransferase,E2_1_1_37,,vv10271Methionine_metabolism,
437,VIT_11s0037g00330,270,0.1305,Unknown protein,,,,
438,VIT_06s0004g07080,268,0.1299,Unknown protein,,,,
439,VIT_01s0011g05890,269,0.1289,S-adenosyl-L-methionine:salicylic acid carboxyl methyltransferase,SAMTBSCMT,,vv10360Phenylalanine_metabolism,
440,VIT_12s0034g02560,266,0.1286,DNA (cytosine-5)-methyltransferase (ATHIM),E2_1_1_37,,vv10271Methionine_metabolism,
441,VIT_13s0019g04040,265,0.1285,Serine carboxypeptidase 28 (SCPL28),,,,
442,VIT_13s0064g01660,260,0.1259,Prunasin hydrolase isoform PHA precursor,E3_2_1_118,,vv10460Cyanoamino_acid_metabolism,
443,VIT_14s0068g01320,259,0.1249,No hit,,,,
444,VIT_02s0025g01920,258,0.1243,Cellulose synthase CSLG3,E2_4_1_12_CSLG3,,vv40006Cell_wall,
445,VIT_10s0003g05570,254,0.1228,Reticuline oxidase,E1_21_3_3,,vv10950Alkaloid_biosynthesis_I,
446,VIT_00s0274g00020,254,0.1227,No hit,,,,
447,VIT_06s0009g03390,252,0.1217,No hit,,,,
448,VIT_12s0178g00190,251,0.1217,Unknown,,,,
449,VIT_08s0007g02330,248,0.1203,Unknown,,,,
450,VIT_01s0010g02220,248,0.1197,Zinc finger (C3HC4-type ring finger),ZFC3HC4_200,,vv60078Other_zf-C3HC4,
451,VIT_15s0046g00710,246,0.1189,Wax synthase,E2_3_1_75,,vv11000Single_reactions,
452,VIT_07s0141g00780,247,0.1186,Pentatricopeptide (PPR) repeat-containing protein,,,,
453,VIT_18s0001g07670,245,0.1180,DsRNA-binding protein LH1 HYL1,HYL1,,vv30001ABA_signaling,
454,VIT_19s0014g03300,242,0.1161,NAC domain containing protein 2,NAC2_1,VvNAC18,vv60046NAC,
455,VIT_19s0015g01530<br>VIT_19s0015g01480,237,0.1145,
456,VIT_12s0059g01650,236,0.1142,Division site determinant MinD  Plastid,MIND1,,vv44110Cell_cycle,
457,VIT_01s0011g05040,236,0.1141,Pentatricopeptide (PPR) repeat,,,,
458,VIT_11s0016g01300,236,0.1135,TT2 (transparent testa 2),TT2_4,MYBPAR,vv44110Cell_cycle,vv60044MYB
459,VIT_17s0000g02930,231,0.1124,Glutathione S-transferase 25 GSTU7,E2_5_1_18_GSTU7,,vv10480Glutathione_metabolism,
460,VIT_13s0047g01220,231,0.1115,Ankyrin repeat,K10380,,vv50108Accessory_factors_involved_in_transport,
461,VIT_18s0072g01250,231,0.1108,Desulfoglucosinolate sulfotransferase 16,K11821,,vv10966Glucosinolate_biosynthesis,
462,VIT_01s0146g00180,228,0.1102,Auxin responsive SAUR protein,SAUR,,vv30003Auxin_signaling,
463,VIT_04s0008g03930,228,0.1102,RD22,,,,
464,VIT_00s0477g00030,225,0.1093,MATE efflux family protein ripening responsive,MATE,,vv50125Porters_cat_66_to_94,
465,VIT_08s0040g02660,225,0.1091,RARE-cold-inducible 2A,RCI2A,,vv50109Incompletely_characterized_transport_systems,
466,VIT_14s0068g00040,224,0.1085,No hit,,,,
467,VIT_05s0049g00990,222,0.1077,Metallothionein 2A,,,,
468,VIT_16s0050g02660,223,0.1076,Pyruvate kinase,E2_7_1_40,,vv10010Glycolysis,vv10230Purine_metabolism
469,VIT_11s0052g00970,219,0.1062,AAA-type ATPase,,,,
470,VIT_04s0008g05520,219,0.1058,Unknown protein,,,,
471,VIT_03s0017g00250,216,0.1044,No hit,,,,
472,VIT_18s0001g14810,214,0.1037,Lipase 3 (EXL3) family II extracellular,,,,
473,VIT_12s0059g02070,211,0.1020,CYP712A1,,,,
474,VIT_03s0017g01140,208,0.1001,Cis-zeatin O-beta-D-glucosyltransferase,E2_4_1_215,,vv10908Zeatin_biosynthesis,
475,VIT_11s0016g03790,206,0.1000,No hit,,,,
476,VIT_06s0004g04490,208,0.0997,Unknown protein,,,,
477,VIT_14s0128g00910,206,0.0992,Unknown,,,,
478,VIT_04s0023g00390,205,0.0990,Tetratricopeptide helical,,,,
479,VIT_08s0007g00330,203,0.0986,Metallothionein,,,,
480,VIT_12s0034g02150,203,0.0986,ORG2 (OBP3-responsive gene 2),ORG2_3,,vv30011Jasmonate_signaling,vv60011BHLH
481,VIT_07s0005g02440,202,0.0980,Pectinacetylesterase,PAE,,vv40006Cell_wall,
482,VIT_00s0203g00070,198,0.0955,Myb domain protein 102,MYB102_4,MYB143,vv60044MYB,
483,VIT_01s0011g02080,198,0.0953,Ribosomal protein L36a/L44 (RPL36aB) 60S,K02920,,vv23010Ribosome,
484,VIT_18s0001g14280,195,0.0938,ER lumen protein retaining receptor,,,,
485,VIT_10s0003g01260,194,0.0936,Dof zinc finger protein DOF1.5,DOF1_5_1,,vv60015C2C2-DOF,
486,VIT_04s0008g05110,193,0.0932,Unknown,,,,
487,VIT_12s0057g00950,189,0.0917,No hit,,,,
488,VIT_06s0004g07420,191,0.0915,Unknown protein,,,,
489,VIT_19s0027g01110,189,0.0914,1-aminocyclopropane-1-carboxylate oxidase,E1_14_17_4,,vv10640Propanoate_metabolism,vv30008Ethylene_signaling
490,VIT_05s0062g00520,188,0.0905,UDP-glucose:flavonoid 7-O-glucosyltransferase,E2_4_1_237,,vv10941Flavonoid_biosynthesis,
491,VIT_13s0064g00940,187,0.0899,ferric reductase defective 3,FRD3,,vv50125Porters_cat_66_to_94,
492,VIT_05s0102g00990,186,0.0899,Glucosyltransferase-12,,,,
493,VIT_11s0016g03650,184,0.0897,CDKF;1 (CDK-activating kinase 1A,CDKF,,vv44110Cell_cycle,
494,VIT_15s0045g01160,185,0.0894,Avr9/Cf-9 rapidly elicited protein,,,,
495,VIT_01s0011g04140,183,0.0884,Octicosapeptide/Phox/Bem1p (PB1) domain-containing protein,,,,
496,VIT_07s0005g03060,183,0.0877,1-aminocyclopropane-1-carboxylate oxidase homolog 1,E1_14_17_4,,vv10640Propanoate_metabolism,vv30008Ethylene_signaling
497,VIT_08s0007g02050,180,0.0875,Unknown protein,,,,
498,VIT_05s0020g01730,179,0.0872,Anaphase-promoting complex component APC7,K03354,,vv24120Ubiquitin_mediated_proteolysis,vv44110Cell_cycle
499,VIT_09s0054g01390,180,0.0872,Beta-amyrin synthase,E5_4_99_BAS,,vv10900Terpenoid_biosynthesis,
500,VIT_08s0056g00740,180,0.0865,Unknown protein,,,,
501,VIT_00s0125g00430,177,0.0860,Root hair defective 3 GTP-binding (RHD3),,,,
502,VIT_15s0048g02430,177,0.0858,Naringenin 2-oxoglutarate 3-dioxygenase,E1_14_11_9,,vv10941Flavonoid_biosynthesis,
503,VIT_16s0100g01230,174,0.0844,Unknown protein,,,,
504,VIT_03s0063g01600,173,0.0844,No hit,,,,
505,VIT_02s0012g01560,174,0.0837,No hit,,,,
506,VIT_17s0000g06470,173,0.0831,Pentatricopeptide (PPR) repeat-containing protein,,,,
507,VIT_09s0002g07110,172,0.0827,KEG (keep on going),KEG,,vv30001ABA_signaling,
508,VIT_07s0151g00200,166,0.0801,Quinone-oxidoreductase  Chloroplast,K03956,,vv10190Oxidative_phosphorylation,vv50134Primary_active_transporter_cat_D1
509,VIT_00s0480g00030,165,0.0797,Polyphenol oxidase,E1_10_3_1,,vv10350Tyrosine_metabolism,vv50109Incompletely_characterized_transport_systems
510,VIT_01s0011g05330,165,0.0794,Clathrin assembly protein 8,CAP8,,vv50110Protein_coat,
511,VIT_11s0052g00670,164,0.0794,Villin,K05768,,vv44810Regulation_of_actin_cytoskeleton,
512,VIT_14s0081g00790,164,0.0790,Cc-nbs-lrr resistance protein,,,,
513,VIT_03s0038g02950,163,0.0788,Pentatricopeptide (PPR) repeat-containing protein,,,,
514,VIT_08s0040g01940,163,0.0787,Zinc finger (C3HC4-type ring finger),ZFC3HC4_154,,vv60078Other_zf-C3HC4,
515,VIT_05s0062g00340,162,0.0785,UDP-glucose:flavonoid 7-O-glucosyltransferase,E2_4_1_237,,vv10941Flavonoid_biosynthesis,
516,VIT_00s1877g00010,162,0.0780,Unknown protein,,,,
517,VIT_08s0007g07350,161,0.0771,Pyridoxamine 5'-phosphate oxidase,E1_4_3_5,,vv10750Vitamin_B6_metabolism,
518,VIT_07s0005g04650,159,0.0768,Transducin family protein / WD-40 repeat,,,,
519,VIT_07s0129g00640,159,0.0766,Unknown protein,,,,
520,VIT_19s0015g01170,158,0.0763,MYB divaricata,DIVARICATA_5,,vv30009Flower_development,vv60044MYB
521,VIT_07s0151g00700,155,0.0751,EDA4 (embryo sac development arrest 4),EDA4,,vv50109Incompletely_characterized_transport_systems,
522,VIT_00s0153g00070,154,0.0744,Glutathione S-transferase 8 GSTU8,E2_5_1_18_GSTU8,,vv10480Glutathione_metabolism,
523,VIT_18s0001g08650,152,0.0733,Growth-regulating factor 1,GRF1_2,,vv60033GRF,
524,VIT_09s0002g01860,150,0.0728,DNA-directed RNA polymerase,K00960,,,
525,VIT_01s0137g00720,150,0.0724,Lipase GDSL,,,,
526,VIT_17s0000g07830,150,0.0723,Asp/Glu racemase; Tetratricopeptide helical,K01797,,,
527,VIT_15s0046g00700,148,0.0718,Wax synthase,E2_3_1_75,,vv11000Single_reactions,
528,VIT_19s0090g01840,149,0.0716,No hit,,,,
529,VIT_06s0004g05760,148,0.0715,Copper transporter 1,COPT1,,vv50101Channels_and_pores,
530,VIT_14s0068g01580,147,0.0710,Basic helix-loop-helix (bHLH) family,BHLHDOM_50,,vv60011BHLH,
531,VIT_00s0398g00020,148,0.0709,S-receptor kinase KIK1 precursor,,,,
532,VIT_04s0023g01870,146,0.0706,DNA-3-methyladenine glycosylase 1,K01246,,vv23410Base_excision_repair,
533,VIT_01s0150g00300,145,0.0706,Indole-3-acetic acid amido synthetase,AUXINBIOSYNTHESIS_GH3,,vv11002Auxin_biosynthesis,
534,VIT_06s0061g01540,145,0.0699,KCBP- interacting  protein kinase,,,,
535,VIT_19s0014g01180,144,0.0697,Pathogenesis-related,,,,
536,VIT_11s0052g00800,144,0.0696,Protein kinase family,,,,
537,VIT_06s0004g06730,144,0.0695,Microsomal omega-3 fatty acid desaturase,K10257,,vv11040Biosynthesis_of_unsaturated_fatty_acids,
538,VIT_08s0007g07740,143,0.0692,CYP93A1 2-hydroxyisoflavanone synthase,E1_14_13_86,,vv10943Isoflavonoid_biosynthesis,
539,VIT_05s0124g00340,144,0.0692,Survival of motor neuron protein-interacting protein 1,K13130,,vv23013RNA_transport,
540,VIT_04s0008g04230,141,0.0681,ABC transporter G member 22,ABCG22,,vv52010ABC_transporters,
541,VIT_08s0105g00300,136,0.0664,Phospholipase C,E3_1_4_3,,vv10260Glycine_serine_and_threonine_metabolism,vv10562Inositol_phosphate_metabolism
542,VIT_04s0008g06390,138,0.0663,TPR1 (topless-related 1),TPR1,,vv30003Auxin_signaling,
543,VIT_01s0146g00400,136,0.0661,Humj1,,,,
544,VIT_12s0134g00230,137,0.0660,Auxin-responsive GH3ue,GH3,,vv30003Auxin_signaling,
545,VIT_02s0025g02470,136,0.0659,Unknown protein,,,,
546,VIT_08s0040g02840,136,0.0656,ABC transporter G member 29,ABCG29,,vv52010ABC_transporters,
547,VIT_03s0017g01450,135,0.0654,No hit,,,,
548,VIT_06s0061g01510,134,0.0647,Histone deacetylase 9,HDA9,,vv44110Cell_cycle,
549,VIT_07s0005g04380,132,0.0640,IAA12,IAA12,,vv30003Auxin_signaling,vv60008AUXIAA
550,VIT_12s0142g00310,129,0.0626,Oxygen evolving enhancer 3 (PsbQ),K08901,,vv10195Photosynthesis,vv50113Thylakoid_targeting_pathway
551,VIT_05s0020g04410,128,0.0619,Unknown,,,,
552,VIT_18s0041g00970,124,0.0601,UDP-glycosyltransferase 88B1,,,,
553,VIT_04s0008g04360,123,0.0599,No hit,,,,
554,VIT_10s0003g02120,121,0.0591,Lipase GDSL,,,,
555,VIT_17s0000g08230,122,0.0589,Unknown protein,,,,
556,VIT_13s0019g03520,122,0.0589,No hit,,,,
557,VIT_14s0128g00680,120,0.0579,Germin,,,,
558,VIT_13s0073g00140,119,0.0574,Ovate family protein 13 OFP13,OFP13_2,,vv60086OFP,
559,VIT_09s0002g04160,119,0.0573,Thioesterase family,,,,
560,VIT_10s0116g01040,116,0.0562,Stigma-specific Stig1,,,,
561,VIT_04s0008g01810,115,0.0556,Myb domain protein 4,MYB4_9,MYBPA8,vv60044MYB,
562,VIT_12s0055g00320,114,0.0554,UDP-glucose: anthocyanidin 5 3-O-glucosyltransferase,RHGT1,,vv10942Anthocyanin_biosynthesis,
563,VIT_04s0008g06400,114,0.0552,TPR1 (topless-related 1),TPR1,,vv30003Auxin_signaling,
564,VIT_13s0074g00660,113,0.0547,ABC transporter G member 22,ABCG22,,vv52010ABC_transporters,
565,VIT_03s0063g00840,112,0.0547,Nodulation protein,,,,
566,VIT_11s0016g01670,113,0.0545,Ankyrin repeat,,,,
567,VIT_11s0149g00350<br>VIT_11s0206g00030<br>VIT_11s0149g00380,112,0.0543,
568,VIT_18s0001g13520,112,0.0541,Zinc finger (B-box type),ZFBBOX_9,,vv60073Orphans_zf-b_box,
569,VIT_08s0058g00150,110,0.0534,Ammonium transporter 2,AMT2,,vv50101Channels_and_pores,
570,VIT_05s0124g00690,110,0.0531,Ankyrin repeat,K10380,,vv50108Accessory_factors_involved_in_transport,
571,VIT_06s0009g00480,108,0.0524,Aluminium-tolerance ALMT1,ALMT1,,vv50125Porters_cat_66_to_94,
572,VIT_08s0056g01190,108,0.0522,Myb domain protein 105,MYB105_1,MYB167,vv60044MYB,
573,VIT_18s0086g00190,107,0.0518,Permease nonimprinted in Prader-Willi/Angelman,NIPA,,vv50122Porters_cat_7_to_17,
574,VIT_12s0142g00180,105,0.0511,Myosin heavy chain-like protein,K10352,,vv44810Regulation_of_actin_cytoskeleton,
575,VIT_03s0097g00090,106,0.0510,Lectin protein kinase,,,,
576,VIT_00s0225g00060,106,0.0510,MATE efflux family protein,MATE,,vv50125Porters_cat_66_to_94,
577,VIT_08s0040g01710,105,0.0509,Phenylalanine ammonia-lyase,E4_3_1_5,,vv10350Tyrosine_metabolism,vv10360Phenylalanine_metabolism
578,VIT_03s0038g04410,104,0.0505,Unknown,,,,
579,VIT_14s0066g00660,105,0.0502,No hit,,,,
580,VIT_16s0098g01160,104,0.0500,Subtilisin protease,SBT3_5,,vv50101Channels_and_pores,
581,VIT_05s0062g00430,103,0.0496,UDP-glucose:flavonoid 7-O-glucosyltransferase,E2_4_1_237,,vv10941Flavonoid_biosynthesis,
582,VIT_11s0016g03250,103,0.0496,Lachrymatory factor synthase,,,,
583,VIT_05s0020g02120,101,0.0490,Cationic peroxidase isozyme 40K precursor,E1_11_1_7,,vv10360Phenylalanine_metabolism,vv10680Methane_metabolism
584,VIT_10s0003g05740,101,0.0488,WRKY DNA-binding protein 14,WRKY14,VvWRKY32,vv60066WRKY,
585,VIT_06s0004g04410,100,0.0483,SEC14 cytosolic factor,SEC14,,vv50122Porters_cat_7_to_17,
586,VIT_01s0150g00360,100,0.0481,Unknown,,,,
587,VIT_07s0031g03190,98,0.0475,VHS and GAT domain protein,VHSDC,,vv50109Incompletely_characterized_transport_systems,
588,VIT_14s0060g00750,95,0.0459,No hit,,,,
589,VIT_13s0019g03390,95,0.0459,Unknown protein,,,,
590,VIT_08s0007g02370,94,0.0457,Unknown,,,,
591,VIT_01s0011g03440,94,0.0456,DNA mismatch repair protein,,,,
592,VIT_14s0068g00840,93,0.0452,RBR1 (retinoblastoma-related 1),RBR1_1,,vv44110Cell_cycle,vv60051RB
593,VIT_01s0137g00710,93,0.0450,Alpha-L-fucosidase 2 precursor,E3_2_1_51,,vv10511N-Glycan_degradation,
594,VIT_01s0011g01410,90,0.0435,PLATZ transcription factor,PLATZFAM_1,,vv60049PLATZ,
595,VIT_01s0026g00320,90,0.0433,NHL repeat-containing protein,,,,
596,VIT_04s0008g04130,90,0.0433,RD22 [Vitis vinifera],,,,
597,VIT_17s0000g07530,89,0.0431,Transportin-SR,TRANSPORTINSR,,vv50112Nuclear_pore_complex,
598,VIT_11s0016g05470,89,0.0430,Nuclear pore complex protein Nup98-Nup96,K14297,,vv23013RNA_transport,vv50109Incompletely_characterized_transport_systems
599,VIT_18s0122g01260,87,0.0421,Protein kinase 1B,,,,
600,VIT_00s0169g00090,86,0.0414,No hit,,,,
601,VIT_05s0020g02950,84,0.0407,Deoxyribose-phosphate aldolase 2,E4_1_2_4,,vv10030Pentose_phosphate,
602,VIT_12s0035g00010,83,0.0403,DNA (cytosine-5)-methyltransferase (ATHIM),E2_1_1_37,,vv10271Methionine_metabolism,
603,VIT_08s0040g00220,82,0.0396,Exportin 7,XPO7,,vv50112Nuclear_pore_complex,
604,VIT_14s0068g00670,82,0.0396,Heavy-metal-associated domain-containing protein,,,,
605,VIT_18s0001g14970,81,0.0390,Pentatricopeptide (PPR) repeat-containing,,,,
606,VIT_01s0182g00130,79,0.0383,PHO1-like protein,PHO1,,vv50125Porters_cat_66_to_94,
607,VIT_16s0022g01720,79,0.0381,Receptor kinase homolog LRK10,,,,
608,VIT_12s0059g01750,78,0.0379,Caffeic acid O-methyltransferase,E2_1_1_68,,vv10940Phenylpropanoid_biosynthesis,
609,VIT_10s0071g00270,78,0.0375,Abscisic acid-insensitive protein 3 (ABI3),ABI3_1,,vv30001ABA_signaling,vv30003Auxin_signaling
610,VIT_08s0007g06140,77,0.0372,Anthranilate phosphoribosyltransferase,E2_4_2_18,,vv10400Phenylalanine_tyrosine_and_tryptophan_biosynthesis,
611,VIT_05s0020g04560,76,0.0369,Armadillo/beta-catenin repeat protein / U-box domain-containing protein,,,,
612,VIT_10s0042g01010,76,0.0368,CYP714A1,,,,
613,VIT_00s0233g00180<br>VIT_02s0154g00190,75,0.0365,
614,VIT_12s0028g00490,74,0.0360,Component of oligomeric golgi complex 5,COG5,,vv50111Tethering_factors,
615,VIT_01s0150g00060,74,0.0359,SOUL heme-binding,,,,
616,VIT_14s0128g00120,74,0.0359,Ring-H2 finger protein ATL3B,VVL3B,,vv60078Other_zf-C3HC4,
617,VIT_14s0030g01550,74,0.0358,Cysteine synthase 7  cytosolic,E2_5_1_47,,vv10272Cysteine_metabolism,vv10450Selenoamino_acid_metabolism
618,VIT_15s0048g00960,74,0.0356,Transducin protein,,,,
619,VIT_10s0092g00690,73,0.0353,Cysteine-rich receptor-like protein kinase 8,,,,
620,VIT_18s0041g00810<br>VIT_18s0041g00910<br>VIT_00s1602g00010<br>VIT_18s0041g00920<br>VIT_18s0041g00980<br>VIT_18s0041g01000<br>VIT_00s2707g00010<br>VIT_18s0041g01080<br>VIT_18s0041g00950<br>VIT_18s0041g00830<br>VIT_18s0041g01040,73,0.0353,
621,VIT_09s0002g03010,72,0.0351,FRK1 (FLG22-induced receptor-like kinase 1),FRK1,,vv34626Plant-pathogen_interaction,
622,VIT_09s0070g00090,72,0.0350,Unknown,,,,
623,VIT_14s0171g00280,72,0.0349,Unknown protein,,,,
624,VIT_00s0687g00010<br>VIT_00s0521g00010,72,0.0349,
625,VIT_09s0054g01210,72,0.0347,Beta-amyrin synthase,E5_4_99_BAS,,vv10900Terpenoid_biosynthesis,
626,VIT_03s0063g01140,71,0.0342,Map kinase substrate 1 MKS1,,,,
627,VIT_01s0011g01860,70,0.0339,No hit,,,,
628,VIT_03s0063g00020,70,0.0337,LRX2 (leucine-rich repeat/extensin 2),EXTENSIN,,vv40006Cell_wall,
629,VIT_00s0586g00030<br>VIT_00s0561g00020,69,0.0335,
630,VIT_10s0003g00780,69,0.0335,Glutamate receptor 3.4,GLR3_4,,vv50101Channels_and_pores,
631,VIT_13s0101g00180,69,0.0333,Protein kinase,,,,
632,VIT_02s0012g02690,68,0.0327,No hit,,,,
633,VIT_05s0077g02270,67,0.0322,Unknown protein,,,,
634,VIT_09s0002g04590,66,0.0319,Unknown protein,,,,
635,VIT_12s0059g02590,66,0.0318,Receptor protein kinase RK20-1,,,,
636,VIT_19s0015g01200,65,0.0315,Calcium-binding protein CML,K13448,,vv34626Plant-pathogen_interaction,
637,VIT_15s0021g00930,65,0.0315,EMB2745 (embryo defective 2745),,,,
638,VIT_17s0000g05020,64,0.0309,Squamosa promoter-binding protein 6 (SPL6),SPL6_2,,vv60055SBP,
639,VIT_14s0060g01830,64,0.0309,Unknown protein,,,,
640,VIT_11s0016g04600,64,0.0308,Myb family,MYBGE_14,,vv60029G2-like,
641,VIT_12s0134g00500,63,0.0305,Cyclin D6,CYCD6_1,,vv44110Cell_cycle,
642,VIT_08s0040g02100,63,0.0305,Zinc finger (C2H2 type) JACKDAW,JACKDAW_2,,vv60017C2H2,
643,VIT_05s0102g00220,62,0.0301,Gamma-secretase subunit APH-1B,,,,
644,VIT_00s0547g00010,60,0.0290,S-locus lectin protein kinase,,,,
645,VIT_19s0014g02890,59,0.0286,Thioredoxin M-type 2,,,,
646,VIT_19s0093g00220,59,0.0286,Glutathione S-transferase 8 GSTU19,E2_5_1_18_GSTU19,,vv10480Glutathione_metabolism,
647,VIT_00s0780g00010,59,0.0285,6-phosphofructokinase 2,E2_7_1_90,,vv10051Fructose_and_mannose_metabolism,
648,VIT_13s0067g00280,59,0.0285,Syntaxin 5,K08490,,vv24130SNARE_interactions_in_vesicular_transport,vv50101Channels_and_pores
649,VIT_07s0129g00570,59,0.0284,Transducin family protein / WD-40 repeat,,,,
650,VIT_14s0066g01520,57,0.0277,UDP-glucoronosyl and UDP-glucosyl transferase,,,,
651,VIT_01s0011g04900,57,0.0276,Serine carboxypeptidase-like 50 SCPL50 (,,,,
652,VIT_01s0010g02770,57,0.0276,Adenylate kinase-b,E2_7_4_3,,vv10230Purine_metabolism,
653,VIT_18s0001g14560,56,0.0271,Unknown,,,,
654,VIT_15s0107g00390,56,0.0271,5'-adenylylsulfate reductase (APR3),E1_8_4_8,,vv10920Sulfur_metabolism,
655,VIT_18s0001g06650,56,0.0271,Basic helix-loop-helix (bHLH) family,BHLH096_1,,vv60011BHLH,
656,VIT_13s0019g01360,55,0.0267,Unknown,,,,
657,VIT_16s0013g00210,55,0.0267,Metacaspase 1,,,,
658,VIT_00s0169g00080,55,0.0266,Unknown,,,,
659,VIT_13s0067g00760,54,0.0260,R protein  PRF  disease resistance protein,K13453,,vv34627R_proteins_from_Plant-pathogen_interaction,
660,VIT_14s0060g01820,53,0.0256,Unknown,,,,
661,VIT_07s0141g00180,52,0.0252,POR (PORCINO),PORCINO,,vv44810Regulation_of_actin_cytoskeleton,
662,VIT_10s0092g00650,52,0.0251,Receptor kinase RK20-1,,,,
663,VIT_14s0068g01500,51,0.0246,Glycerophosphoryl diester phosphodiesterase,E3_1_4_46,,vv10564Glycerophospholipid_metabolism,
664,VIT_09s0018g01650,51,0.0246,Wrinkled1 (AP2/ERBP),WRINKLED1_1,VvAP2-06,vv30008Ethylene_signaling,vv60003AP2_EREBP
665,VIT_04s0008g01500,50,0.0242,Heat shock protein 17.6 kDa class II,K13993,,vv24141Protein_processing_in_endoplasmic_reticulum,
666,VIT_09s0002g07790,50,0.0242,Ubiquitin-conjugating enzyme 16 UBC16,K10688,,vv24120Ubiquitin_mediated_proteolysis,
667,VIT_02s0025g01820,50,0.0240,Cellulose synthase CSLG3,E2_4_1_12_CSLG3,,vv40006Cell_wall,
668,VIT_13s0019g02860,49,0.0238,UDP-glucoronosyl and UDP-glucosyl transferase,,,,
669,VIT_17s0000g02700,49,0.0238,Alpha-dioxygenase 2,K10529,,vv10592alpha-Linolenic_acid_metabolism,
670,VIT_03s0091g00650,49,0.0237,No hit,,,,
671,VIT_18s0001g15640,49,0.0235,Pathogenesis-related,,,,
672,VIT_03s0063g01680,49,0.0234,CYP82C1p,,,,
673,VIT_09s0002g03120,48,0.0231,FRK1 (FLG22-induced receptor-like kinase 1),FRK1,,vv34626Plant-pathogen_interaction,
674,VIT_01s0011g00890,47,0.0227,Pentatricopeptide (PPR) repeat-containing,,,,
675,VIT_07s0151g00010,47,0.0226,No hit,,,,
676,VIT_17s0000g04960,47,0.0226,Polygalacturonate 4-alpha-galacturonosyltransferase GAUT11,E2_4_1_43,,vv40006Cell_wall,
677,VIT_01s0150g00040,46,0.0221,Unknown protein,,,,
678,VIT_18s0001g10870,45,0.0218,Patatin,,,,
679,VIT_04s0069g01120,45,0.0218,Acyl-activating enzyme 7,E6_2_1_3,,vv10071Fatty_acid_metabolism,vv50104Group_translocators
680,VIT_12s0057g01450,45,0.0218,Subtilisin protease,,,,
681,VIT_16s0022g00340,45,0.0218,Unknown,,,,
682,VIT_12s0057g00590,45,0.0217,Vacuolar protein sorting 11 (VPS11),VPS11,,vv50111Tethering_factors,
683,VIT_10s0003g01960,45,0.0217,RKF1 (receptor-like kinase in flowers 1),,,,
684,VIT_13s0074g00090,45,0.0217,Glycosyl transferase family 47 protein,,,,
685,VIT_13s0064g01740<br>VIT_13s0064g01750,44,0.0213,
686,VIT_12s0057g00970,44,0.0211,Pentatricopeptide (PPR) repeat-containing,,,,
687,VIT_18s0001g01370,43,0.0209,Wall-associated receptor kinase 5,,,,
688,VIT_03s0017g02380,43,0.0208,SAR1 (suppressor of auxin resistance1) ( Nup160),K14303,,vv23013RNA_transport,vv30003Auxin_signaling
689,VIT_17s0000g02130,43,0.0208,Transposase  IS4,,,,
690,VIT_08s0007g07250,43,0.0207,Ethylene-responsive transcription factor related to APETALA2 11,RAP2_11_3,VvERF051,vv30008Ethylene_signaling,vv60003AP2_EREBP
691,VIT_08s0056g00030,42,0.0203,Diadenosine 5' 5'''-P1 P4-tetraphosphate hydrolase,E3_6_1_17,,vv10230Purine_metabolism,vv10240Pyrimidine_metabolism
692,VIT_04s0008g02710,42,0.0202,NAC domain containing protein 39,NAC039,VvNAC65,vv60046NAC,
693,VIT_07s0005g03150,41,0.0199,flavanone 3-hydroxylase,E1_14_11_9,,vv10941Flavonoid_biosynthesis,
694,VIT_14s0128g00650,41,0.0199,Germin-like protein 3 [Vitis vinifera],,,,
695,VIT_12s0035g01250,41,0.0198,Disease resistance protein (NBS-LRR class),,,,
696,VIT_01s0244g00110,41,0.0198,Unknown protein,,,,
697,VIT_00s0215g00070,41,0.0198,ADP-ribosylation factor,,,,
698,VIT_14s0066g00810,41,0.0198,Raffinose synthase,E2_4_1_82,,vv10052Galactose_metabolism,
699,VIT_16s0050g00450,40,0.0194,DNA-directed RNA polymerase III subunit C3,K03023,,vv23020RNA_polymerase,
700,VIT_00s1314g00010,40,0.0193,Basic helix-loop-helix (bHLH) family,BHLHDOM_89,,vv60011BHLH,
701,VIT_13s0147g00110,40,0.0192,ferredoxin,K02639,,vv10195Photosynthesis,
702,VIT_09s0002g01490,39,0.0188,Developmentally regulated G-protein 1,DRG1,,,
703,VIT_04s0008g03880,39,0.0188,Adaptor-related protein complex 4  beta 1,AP4B1,,vv50110Protein_coat,
704,VIT_04s0069g00540,39,0.0188,Glutamate receptor protein,GLR2_7,,vv50101Channels_and_pores,
705,VIT_01s0026g01110,38,0.0184,TIR-NBS-LRR disease resistance,,,,
706,VIT_18s0041g01560,38,0.0184,No hit,,,,
707,VIT_19s0014g01900,38,0.0184,Protein transport protein Sec24,K14007,,vv24141Protein_processing_in_endoplasmic_reticulum,vv50110Protein_coat
708,VIT_18s0001g02130,38,0.0184,Metal transporter Nramp6,NRAMP6,,vv50124Porters_cat_30_to_64,
709,VIT_19s0014g01540,37,0.0180,ABC transporter G member 14,ABCG14,,vv52010ABC_transporters,
710,VIT_09s0002g06090,37,0.0179,Mov34 family protein,,,,
711,VIT_06s0061g00790,37,0.0179,Pheophorbide a oxygenase,E1_14_12_20,,vv10860Porphyrin_and_chlorophyll_metabolism,vv50133Primary_active_transporter_cat_A9_to_A18
712,VIT_12s0034g00130,37,0.0179,Anthocyanidin 3-O-glucosyltransferase,E2_4_1_115,,vv10942Anthocyanin_biosynthesis,
713,VIT_04s0008g02280,36,0.0174,Unknown protein,,,,
714,VIT_04s0008g02510,36,0.0174,Receptor kinase homolog LRK10,,,,
715,VIT_00s0360g00030,35,0.0169,No hit,,,,
716,VIT_17s0000g09700,35,0.0169,Unknown protein,,,,
717,VIT_14s0030g02230,34,0.0165,Unfertilized embryo sac 12 UNE12,UNE12_1,,vv60011BHLH,
718,VIT_13s0067g00370,34,0.0165,Pinene synthase,E4_2_3_14,,vv10902Monoterpenoid_biosynthesis,
719,VIT_16s0050g00820,34,0.0164,EMB1691 (embryo defective 1691),,,,
720,VIT_02s0033g00180,32,0.0155,Phenylpropanoid:glucosyltransferase 2,,,,
721,VIT_16s0022g00710,32,0.0155,Pectinesterase family,E3_1_1_11,,vv40006Cell_wall,
722,VIT_03s0038g00500<br>VIT_03s0038g00550,32,0.0154,
723,VIT_00s0189g00110,32,0.0154,CYP82C4,CYP82C4,,vv10902Monoterpenoid_biosynthesis,
724,VIT_03s0132g00450,31,0.0150,Cold-induced wall associated kinase,,,,
725,VIT_18s0001g12900,31,0.0150,S-adenosyl-L-methionine:salicylic acid carboxyl methyltransferase,SAMTBSCMT,,vv10360Phenylalanine_metabolism,
726,VIT_17s0053g00710,31,0.0149,Calcium-dependent protein kinase,,,,
727,VIT_08s0007g00710,30,0.0145,Unknown,,,,
728,VIT_01s0127g00340,30,0.0145,Unknown,,,,
729,VIT_00s0259g00180,30,0.0145,Nuclear transcription factor Y subunit B-3,NFYB3_5,,vv60021CCAAT,
730,VIT_14s0006g02590,30,0.0144,Glutamine amidotransferase,,,,
731,VIT_18s0001g08470,29,0.0141,Myb domain protein 84/RAX3,MYB84_1,MYB152,vv60044MYB,
732,VIT_14s0060g00090,29,0.0141,SNARE YKT6 1,K08516,,vv24130SNARE_interactions_in_vesicular_transport,
733,VIT_05s0102g00900,29,0.0141,Unknown protein,,,,
734,VIT_08s0105g00200,29,0.0140,U-box domain-containing protein,,,,
735,VIT_11s0016g01620,29,0.0140,Unknown,,,,
736,VIT_08s0040g00550,28,0.0136,Pinoresinol-lariciresinol reductase,PLR,,vv10940Phenylpropanoid_biosynthesis,
737,VIT_10s0042g00590,28,0.0136,Leucine-rich repeat receptor-like protein kinase 1,,,,
738,VIT_02s0025g03570,28,0.0136,DNA binding / hydrolase  acting on ester bonds,,,,
739,VIT_11s0016g03590,28,0.0136,Transducin protein,,,,
740,VIT_12s0055g01030,28,0.0136,Peroxidase,E1_11_1_7,,vv10360Phenylalanine_metabolism,vv10680Methane_metabolism
741,VIT_18s0001g07620,28,0.0135,Myb family,MYBREL_13,,vv60045MYBrelated,
742,VIT_19s0015g01470,28,0.0135,Unknown protein,,,,
743,VIT_00s2390g00010,27,0.0131,R protein MLA10,K13475,,vv34627R_proteins_from_Plant-pathogen_interaction,
744,VIT_16s0013g00830,27,0.0131,No hit,,,,
745,VIT_13s0064g00740,27,0.0130,Lysine decarboxylase - like protein,E4_1_1_18,,vv10300Lysine_biosynthesis,
746,VIT_17s0000g04150,27,0.0130,Leucoanthocyanidin reductase,E1_17_1_3,,vv10941Flavonoid_biosynthesis,
747,VIT_15s0021g02190,26,0.0125,Carotenoid cleavage dioxygenase 7  chloroplast(AtCCD7) (AtNCED7),CCD,,vv10906Carotenoid_biosynthesis,
748,VIT_05s0020g03570,26,0.0125,LOI1 (lovastatin insensitive 1); binding,,,,
749,VIT_13s0067g00680,26,0.0125,Cinnamyl alcohol dehydrogenase,E1_1_1_195,,vv10940Phenylpropanoid_biosynthesis,
750,VIT_14s0171g00340,25,0.0121,F-box family protein,,,,
751,VIT_14s0006g02320,25,0.0121,Nuclear transcription factor Y subunit C-4,NFYC4,,vv60021CCAAT,
752,VIT_11s0037g01230,25,0.0121,Basic helix-loop-helix (bHLH) family,BHLHDOM_32,,vv60011BHLH,
753,VIT_18s0041g00190,25,0.0121,R protein L6,K13477,,vv34627R_proteins_from_Plant-pathogen_interaction,
754,VIT_18s0001g11280,25,0.0120,Nitrate transporter 1:2,NRT1_2,,vv50122Porters_cat_7_to_17,
755,VIT_07s0141g00210,24,0.0116,Tryptophan synthase  alpha subunit,E4_2_1_20,,vv10400Phenylalanine_tyrosine_and_tryptophan_biosynthesis,
756,VIT_06s0009g02640,24,0.0116,Hydroxymethylglutaryl-CoA lyase,E4_1_3_4,,vv10072Synthesis_and_degradation_of_ketone_bodies,vv10280Valine_leucine_and_isoleucine_degradation
757,VIT_16s0100g00610,24,0.0116,CYP87A3,,,,
758,VIT_06s0004g00390,24,0.0116,Holocarboxylase synthetase,E6_3_4_9,,vv10780Biotin_metabolism,
759,VIT_00s0218g00100,24,0.0116,Metal transporter Nramp6,NRAMP6,,vv50124Porters_cat_30_to_64,
760,VIT_02s0087g00470,23,0.0111,Anthraniloyal-CoA: methanol anthraniloyal transferase,AMAT,,vv10400Phenylalanine_tyrosine_and_tryptophan_biosynthesis,
761,VIT_08s0040g02620,22,0.0107,Pentatricopeptide (PPR) repeat-containing protein,,,,
762,VIT_05s0094g01010,22,0.0107,Indole-3-acetate beta-glucosyltransferase,E2_4_1_121,,vv11002Auxin_biosynthesis,
763,VIT_11s0052g00550,22,0.0106,PTAC9 (plastid transcriptionally active9)OSB2,PTAC9,,,
764,VIT_06s0004g04150,22,0.0106,Auxin-regulated protein,AUXREG,,vv30003Auxin_signaling,
765,VIT_06s0004g06630,22,0.0106,DTA2 (downstream target of AGL15 2),,,,
766,VIT_07s0141g00970,21,0.0102,No hit,,,,
767,VIT_17s0000g02680,21,0.0102,ABA glucosidase,ABAGLC,,vv11013ABA_biosynthesis,
768,VIT_17s0000g09230,21,0.0102,Leucine-rich repeat family protein,,,,
769,VIT_02s0236g00020,21,0.0101,Unknown,,,,
770,VIT_18s0001g13380,21,0.0101,Papain cysteine proteinase isoform I,E3_4_22_2,,,
771,VIT_12s0028g01810,20,0.0097,Shaggy protein kinase delta,,,,
772,VIT_09s0018g01780,20,0.0097,ACT domain repeat 1 (ACR1) uridylyltransferase,,,,
773,VIT_10s0116g00810,20,0.0097,Root hair defective 3 GTP-binding (RHD3),,,,
774,VIT_00s1584g00010,20,0.0096,Elongation factor 1-alpha,K03231,,vv23013RNA_transport,
775,VIT_03s0038g00250<br>VIT_03s0038g00230,19,0.0092,
776,VIT_00s0187g00210,19,0.0092,Rho GDP-dissociation inhibitor 2,,,,
777,VIT_13s0320g00050,19,0.0092,Lipid transfer protein 3,LTP3,,,
778,VIT_13s0064g01640,19,0.0092,Beta-primeverosidase,E3_2_1_149,,vv11000Single_reactions,
779,VIT_09s0002g07190,18,0.0087,5-hydroxyisobutyryl-coenzyme A hydrolase,E3_1_2_4,,vv10280Valine_leucine_and_isoleucine_degradation,vv10410Beta-alanine_metabolism
780,VIT_07s0005g02490,18,0.0087,CYP709B2,,,,
781,VIT_07s0005g05610,17,0.0083,3-ketoacyl-CoA thiolase PED1,K07513,,vv10062Fatty_acid_elongation_in_mitochondria,vv10071Fatty_acid_metabolism
782,VIT_14s0083g00450,17,0.0083,Protein kinase PKN/PRK1  effector,,,,
783,VIT_15s0048g01980,17,0.0082,COP9 signalosome complex subunit 1,,,,
784,VIT_08s0007g05180,17,0.0082,Unknown,,,,
785,VIT_09s0096g00380,16,0.0078,Pirin,K06911,,,
786,VIT_04s0008g05880,16,0.0078,CHD3-type chromatin-remodeling factor PICKLE,PICKLE_2,,vv60048PHD,
787,VIT_03s0038g04360,16,0.0078,COP9 signalosome subunit 5A,COP9,,vv30003Auxin_signaling,
788,VIT_10s0092g00150,16,0.0077,Patatin protein 3,,,,
789,VIT_07s0005g00610,16,0.0077,Tubulin gamma complex component 4,TGCC4,,vv44810Regulation_of_actin_cytoskeleton,
790,VIT_06s0080g01020,16,0.0077,Secoisolariciresinol dehydrogenase,SIRD,,vv10940Phenylpropanoid_biosynthesis,
791,VIT_12s0035g01900,16,0.0077,Pectinesterase family,E3_1_1_11,,vv40006Cell_wall,
792,VIT_07s0104g01660,16,0.0077,HAK5 (High affinity K+ transporter 5),HAK5,,vv50125Porters_cat_66_to_94,
793,VIT_01s0011g02730,16,0.0077,ABC transporter G member 3,K05682,,vv52010ABC_transporters,
794,VIT_04s0008g01510,16,0.0077,Heat shock protein 17.6 kDa class II,K13993,,vv24141Protein_processing_in_endoplasmic_reticulum,
795,VIT_14s0006g01030,15,0.0073,Calmodulin-binding heat-shock protein,,,,
796,VIT_05s0020g02490,15,0.0073,Unknown protein,,,,
797,VIT_00s0517g00010,15,0.0073,Unknown,,,,
798,VIT_17s0000g08310,15,0.0073,Ataxia-telangiectasia mutated protein (Atm),K04728,,vv44110Cell_cycle,
799,VIT_07s0005g03260,15,0.0073,Transcription factor TSRF1,ERF1_7,VvERF100,vv30008Ethylene_signaling,vv30011Jasmonate_signaling
800,VIT_16s0013g00590,15,0.0073,Plastocyanin domain-containing protein,K02638,,vv10195Photosynthesis,vv50113Thylakoid_targeting_pathway
801,VIT_11s0037g00640,15,0.0073,No hit,,,,
802,VIT_02s0087g00600,15,0.0073,Pentatricopeptide (PPR) repeat-containing protein,,,,
803,VIT_01s0010g02840,15,0.0072,Chaperone BCS1 mitochondrial,K08900,,,
804,VIT_15s0046g00310,15,0.0072,Transcription factor TINY,ERF023,VvERF015,vv30008Ethylene_signaling,vv60003AP2_EREBP
805,VIT_12s0028g03760,15,0.0072,UPF0497 family,,,,
806,VIT_09s0002g02220,15,0.0072,Protein kinase CDG1,,,,
807,VIT_10s0003g04250,15,0.0072,Glutathione S-transferase GSTU22,E2_5_1_18_GSTU22,,vv10480Glutathione_metabolism,
808,VIT_07s0031g01110,14,0.0068,Unknown,,,,
809,VIT_06s0009g02720,14,0.0068,Phosphoglucose isomerase  cytosolic,E5_3_1_9,,vv10010Glycolysis,vv10030Pentose_phosphate
810,VIT_16s0050g01970,13,0.0064,Serine/threonine protein kinase LRK19,,,,
811,VIT_12s0059g00940,13,0.0063,Cellulose synthase CSLB04,E2_4_1_12_CSLB04,,vv40006Cell_wall,
812,VIT_15s0046g01600,13,0.0063,Acidic endochitinase (CHIB1),E3_2_1_14,,vv10530Aminosugars_metabolism,
813,VIT_09s0002g00490,13,0.0063,Lipase GDSL 5,,,,
814,VIT_12s0059g00600,13,0.0063,Unknown protein,,,,
815,VIT_15s0024g00550,13,0.0063,No hit,,,,
816,VIT_03s0091g01080,13,0.0063,1-aminocyclopropane-1-carboxylate oxidase,E1_14_17_4,,vv10640Propanoate_metabolism,vv30008Ethylene_signaling
817,VIT_17s0000g03940,13,0.0062,ferulate 5-hydroxylase,K09755,,vv10940Phenylpropanoid_biosynthesis,
818,VIT_18s0001g06840,12,0.0058,Peroxidase GvPx2b class III,E1_11_1_7,,vv10360Phenylalanine_metabolism,vv10680Methane_metabolism
819,VIT_05s0020g01490,12,0.0058,Rapid ALkalinization Factor RALFL33,,,,
820,VIT_14s0060g01690,12,0.0058,fumarase,E4_2_1_2,,vv10020Citrate_cycle,vv10720Reductive_carboxylate_cycle
821,VIT_15s0046g02410,12,0.0058,Aquaporin TMP-C,TMPC,,vv50101Channels_and_pores,
822,VIT_07s0129g01070,12,0.0058,Leucine-rich repeat protein kinase,,,,
823,VIT_02s0025g04520,12,0.0058,Calcium-dependent protein kinase 1 CDPK protein kinase,CDPK1,,vv34626Plant-pathogen_interaction,
824,VIT_18s0089g00030,12,0.0058,Protein kinase,,,,
825,VIT_17s0000g09550,12,0.0058,CYP71A26,,,,
826,VIT_04s0008g03940,12,0.0058,BURP domain-containing protein,,,,
827,VIT_16s0050g01930,12,0.0058,EIX receptor 2,,,,
828,VIT_06s0061g00250,12,0.0058,ABC transporter G member 7,ABCG7,,vv52010ABC_transporters,
829,VIT_07s0005g00800,12,0.0058,Pollen Ole e 1 allergen and extensin,,,,
830,VIT_13s0019g02430,12,0.0058,LIM domain containing protein,LIMDOM_2,,vv60040LIM,
831,VIT_10s0116g01600,10,0.0049,Monocopper oxidase SKS4 (SKU5 Similar 4),SKS4,,vv50109Incompletely_characterized_transport_systems,
832,VIT_04s0069g00010,10,0.0049,Glutamate receptor protein,GLR2_7,,vv50101Channels_and_pores,
833,VIT_19s0027g01680,10,0.0048,Tetratricopeptide helical,,,,
834,VIT_08s0040g00810,10,0.0048,CXE carboxylesterase,E3_1_1_1,,,
835,VIT_04s0008g00490,10,0.0048,Profilin 5 (PRO5) (PRF3),K05759,,vv44810Regulation_of_actin_cytoskeleton,
836,VIT_03s0038g01760,10,0.0048,Disease resistance protein (CC-NBS class),,,,
837,VIT_09s0002g06750,10,0.0048,ERF/AP2 transcription factor sub B-6 SHINE,SHINE1_1,VvERF042,vv30008Ethylene_signaling,vv60003AP2_EREBP
838,VIT_12s0028g03400,10,0.0048,No hit,,,,
839,VIT_17s0000g02950,9,0.0044,Glutathione S-transferase 25 GSTU7,E2_5_1_18_GSTU7,,vv10480Glutathione_metabolism,
840,VIT_13s0067g00550,9,0.0044,Clathrin  light polypeptide B,K04645,,vv50110Protein_coat,
841,VIT_18s0001g06890,9,0.0044,Peroxidase GvPx2b  class III [Vitis vinifera],E1_11_1_7,,vv10360Phenylalanine_metabolism,vv10680Methane_metabolism
842,VIT_00s0301g00190,9,0.0044,Beta-galactosidase,E3_2_1_23,,vv10052Galactose_metabolism,vv10511N-Glycan_degradation
843,VIT_07s0104g00190,9,0.0044,7S globulin precursor  basic,,,,
844,VIT_02s0025g04810,9,0.0044,Subtilisin P69F protein,,,,
845,VIT_14s0066g00860,9,0.0044,Pentatricopeptide (PPR) repeat,,,,
846,VIT_16s0098g00010,9,0.0044,Receptor-like protein kinase,,,,
847,VIT_18s0001g15650,9,0.0044,Pathogenesis related protein,,,,
848,VIT_17s0000g07100,9,0.0043,UDP-glucosyltransferase HRA25,,,,
849,VIT_14s0108g01200,9,0.0043,Vesicle transport v-SNARE 13,K08493,,vv24130SNARE_interactions_in_vesicular_transport,
850,VIT_08s0007g08190,9,0.0043,LOI1 (lovastatin insensitive 1),,,,
851,VIT_04s0023g01210,9,0.0043,Geranylgeranyl pyrophosphate synthetase 1  chloroplast precursor,E2_5_1_29,,vv10100Biosynthesis_of_steroids,vv10900Terpenoid_biosynthesis
852,VIT_00s1995g00010,9,0.0043,Phosphoenolpyruvate carboxykinase,E4_1_1_49,,vv10020Citrate_cycle,vv10620Pyruvate_metabolism
853,VIT_14s0066g02070,9,0.0043,AAA-type ATPase,,,,
854,VIT_13s0084g00480,9,0.0043,No hit,,,,
855,VIT_07s0129g00480,9,0.0043,Molecular chaperone DnaJ,K03686,,vv50132Primary_active_transporter_cat_A5_to_A8,
856,VIT_14s0066g00800,9,0.0043,Proline-rich family protein,,,,
857,VIT_19s0015g02320,9,0.0043,Clathrin assembly protein 2,CAP2,,vv50110Protein_coat,
858,VIT_19s0015g01500,9,0.0043,Heavy-metal-associated domain-containing protein,,,,
859,VIT_02s0025g02250,9,0.0043,Dof zinc finger protein DOF4.6,DOF4_6_2,,vv60015C2C2-DOF,
860,VIT_18s0122g00450,9,0.0043,Sinapyl alcohol dehydrogenase,E1_1_1_195,,vv10940Phenylpropanoid_biosynthesis,
861,VIT_10s0092g00370,9,0.0043,CYP71D7,E1_14_13_73,,vv10902Monoterpenoid_biosynthesis,
862,VIT_02s0025g01500,9,0.0043,Nucleoside diphosphate kinase 3  (NDK3),E2_7_4_6,,vv10230Purine_metabolism,vv10240Pyrimidine_metabolism
863,VIT_02s0012g01060,9,0.0043,ABC protein 6 non-intrinsic,K09015,,vv52010ABC_transporters,
864,VIT_19s0177g00190,9,0.0043,No hit,,,,
865,VIT_02s0012g00450,9,0.0043,1-aminocyclopropane-1-carboxylate oxidase,E1_14_17_4,,vv10640Propanoate_metabolism,vv30008Ethylene_signaling
866,VIT_14s0006g00980,9,0.0043,DNA mismatch repair protein Mlh1,K08734,,vv23430Mismatch_repair,
867,VIT_14s0006g01120,9,0.0043,Lipase GDSL,,,,
868,VIT_04s0008g05780,9,0.0043,Transcription initiation factor TFIID subunit 5,K03131,,vv23022Basal_transcription_factors,
869,VIT_06s0004g03210,8,0.0039,Unknown,,,,
870,VIT_18s0001g04980,8,0.0039,Acetyl-CoA carboxylase 2 (ACC2),E6_4_1_2,,vv10061Fatty_acid_biosynthesis,vv10620Pyruvate_metabolism
871,VIT_06s0080g00860,8,0.0038,DCP1 (decapping 1),DCP1,,vv50133Primary_active_transporter_cat_A9_to_A18,
872,VIT_11s0016g05370,7,0.0034,Phospholipase D alpha 1 precursor (PLD 1) (Choline phosphatase 1),PLDA1,,vv10564Glycerophospholipid_metabolism,vv10565Ether_lipid_metabolism
873,VIT_18s0001g07360,7,0.0034,ER6 protein universal stress protein (USP) family,USPER6,,vv30008Ethylene_signaling,
874,VIT_14s0068g01520,7,0.0034,Double-stranded RNA-binding (DsRBD) domain-containing protein,,,,
875,VIT_13s0019g02460,7,0.0034,Proton-dependent oligopeptide transport (POT) family protein,POT,VvHB45,vv50122Porters_cat_7_to_17,
876,VIT_02s0087g00690,7,0.0034,Adapter-related protein complex 4 epsilon 1 sub,AP4E1,,vv50110Protein_coat,
877,VIT_04s0023g03620,7,0.0034,Proteasome 26S regulatory subunit S5A (RPN10),K03029,,vv23050Proteasome,
878,VIT_01s0150g00500,7,0.0034,Glyceraldehyde-3-phosphate dehydrogenase,E1_2_1_13,,vv10710Carbon_fixation,
879,VIT_11s0065g00130,7,0.0034,Taxane 10-beta-hydroxylase,E1_14_13_76,,vv10904Diterpenoid_biosynthesis,
880,VIT_08s0007g00270,7,0.0034,No hit,,,,
881,VIT_15s0021g02320,7,0.0034,ABC transporter G member 7,ABCG7,,vv52010ABC_transporters,
882,VIT_05s0062g01130,7,0.0034,Aromatic and neutral transporter 1,ANT1,,vv50123Porters_cat_18_to_29,
883,VIT_00s0174g00270,6,0.0029,D-isomer specific 2-hydroxyacid dehydrogenase  NAD-binding,E1_1_1_272,,vv10272Cysteine_metabolism,
884,VIT_14s0068g00820,6,0.0029,Lipid transfer protein,LTP,,,
885,VIT_18s0075g00350,6,0.0029,Sucrose-phosphate synthase isoform C,E2_4_1_14,,vv10500Starch_and_sucrose_metabolism,
886,VIT_12s0055g01190,6,0.0029,Alpha-L-arabinosidase,E3_2_1_55,,vv10520Nucleotide_sugars_metabolism,
887,VIT_19s0015g01390,6,0.0029,Transcription initiation factor TFIIH subunit H1,K03141_1,,vv23022Basal_transcription_factors,vv23420Nucleotide_excision_repair
888,VIT_07s0005g06730,6,0.0029,PPR2,,,,
889,VIT_01s0011g05150,6,0.0029,Bet v I allergen,,,,
890,VIT_06s0004g02640,6,0.0029,Receptor protein kinase PERK1,,,,
891,VIT_05s0124g00610,6,0.0029,Ankyrin repeat protein family,K10380,,vv50108Accessory_factors_involved_in_transport,
892,VIT_17s0000g09270,6,0.0029,MATE efflux family protein,MATE,,vv50125Porters_cat_66_to_94,
893,VIT_11s0103g00530,6,0.0029,Oxysterol binding protein,,,,
894,VIT_10s0116g00340,6,0.0029,Peroxidase,E1_11_1_7,,vv10360Phenylalanine_metabolism,vv10680Methane_metabolism
895,VIT_19s0027g00420,6,0.0029,No hit,,,,
896,VIT_08s0007g00200,6,0.0029,Ankyrin repeat,K10380,,vv50108Accessory_factors_involved_in_transport,
897,VIT_05s0029g01340,6,0.0029,Auxin-independent growth promoter (axi 1),AXI1,,vv30003Auxin_signaling,
898,VIT_06s0080g00120,6,0.0029,Male sterility 2 (MS2) Acyl-CoA reductase,,,,
899,VIT_01s0127g00250,6,0.0029,Kelch repeat-containing F-box protein,,,,
900,VIT_09s0002g07230,6,0.0029,No hit,,,,
901,VIT_02s0154g00170,6,0.0029,flavin-containing monooxygenase 3,E1_14_13_8,,vv11000Single_reactions,
902,VIT_00s0262g00120,6,0.0029,Receptor kinase RK20-1,,,,
903,VIT_00s0513g00010,6,0.0029,Glycosyl hydrolase family 43 protein,,,,
904,VIT_07s0205g00180,6,0.0029,Basic helix-loop-helix (bHLH) family,BHLHDOM_30,,vv60011BHLH,
905,VIT_04s0008g06080,6,0.0029,Unknown protein,,,,
906,VIT_08s0007g01550,6,0.0029,Laccase,E1_10_3_2,,vv11000Single_reactions,vv50109Incompletely_characterized_transport_systems
907,VIT_16s0098g00660,6,0.0029,Unknown protein,,,,
908,VIT_03s0091g00450,6,0.0029,Progesterone 5-beta-reductase,E1_3_99_6,,vv10140C21-Steroid_hormone_metabolism,
909,VIT_03s0017g01070,6,0.0029,CYP86C2,,,,
910,VIT_18s0001g15750,6,0.0029,Protein kinase Xa21,,,,
911,VIT_14s0066g02060,6,0.0029,AAA-type ATPase,,,,
912,VIT_02s0025g00820,6,0.0029,Cation/hydrogen exchanger (CHX18),CHX18,,vv50124Porters_cat_30_to_64,
913,VIT_15s0048g01220,6,0.0029,CRS2-associated factor 1,,,,
914,VIT_01s0011g04640,6,0.0029,Auxin Efflux Carrier,AUXEFF,,vv50004Auxin_transport,vv50125Porters_cat_66_to_94
915,VIT_06s0009g03380,6,0.0029,ABC transporter G member 14,ABCG14,,vv52010ABC_transporters,
916,VIT_00s0286g00130,6,0.0029,S-locus lectin protein kinase,,,,
917,VIT_13s0067g01410,6,0.0029,Anthranilate N-hydroxycinnamoyl/benzoyltransferase,E2_3_1_144,,vv10400Phenylalanine_tyrosine_and_tryptophan_biosynthesis,
918,VIT_18s0001g10050,6,0.0029,LRX1 (leucine-rich repeat/extensin 1),EXTENSIN,,vv40006Cell_wall,
919,VIT_15s0048g02650,6,0.0029,Unknown protein,,,,
920,VIT_12s0055g00160,6,0.0029,UDP-glycosyltransferase 71E1,E2_4_1_17,,vv10040Pentose_glucuronate_interconversion,vv10500Starch_and_sucrose_metabolism
921,VIT_12s0034g02240,6,0.0029,Potassium channel AKT2/3,AKT2,,vv50101Channels_and_pores,
922,VIT_16s0013g01500,6,0.0029,Disease resistance protein,,,,
923,VIT_05s0049g00920,6,0.0029,Inorganic phosphate transporter 1-4,PHT1_4,,vv50121Porters_cat_1_to_6,
924,VIT_03s0017g01280,5,0.0024,ABC transporter G member 7,ABCG7,,vv52010ABC_transporters,
925,VIT_15s0021g01040,5,0.0024,CYP72A1,K13400,,vv10902Monoterpenoid_biosynthesis,
926,VIT_00s0268g00020,4,0.0019,Phytase,E3_1_3_2,,vv10740Riboflavin_metabolism,
927,VIT_15s0048g01480,4,0.0019,Geraniol 10-hydroxylase,G10H,,vv10902Monoterpenoid_biosynthesis,
928,VIT_16s0100g00540,4,0.0019,S-N-methylcoclaurine 3'-hydroxylase,E1_14_13_71,,vv10950Alkaloid_biosynthesis_I,
929,VIT_02s0154g00280,4,0.0019,Arachidonic acid-induced DEA1,,,,
930,VIT_11s0016g02760,4,0.0019,No hit,,,,
931,VIT_08s0007g00900,4,0.0019,Tropinone reductase,E1_1_1_206,,vv10220Urea_cycle_and_metabolism_of_amino_groups,
932,VIT_13s0156g00540,4,0.0019,Disease resistance protein (CC-NBS-LRR class),,,,
933,VIT_05s0077g00690,4,0.0019,Galactokinase (GAL1),E2_7_1_6,,vv10052Galactose_metabolism,
934,VIT_05s0020g03750,4,0.0019,Protease inhibitor/seed storage/lipid transfer protein (LTP),,,,
935,VIT_12s0034g02250,3,0.0015,Disease resistance protein (NBS class),,,,
936,VIT_14s0066g02100,3,0.0015,AAA-type ATPase,,,,
937,VIT_08s0007g05920,3,0.0015,UDP-GlcNAc:dolichyl-phosphate GlcNAc-1-phosphate transferase,E2_7_8_15,,vv10510N-Glycan_biosynthesis,vv11030Glycan_structures-biosynthesis1
938,VIT_09s0018g00260,3,0.0015,No hit,,,,
939,VIT_11s0118g00730,3,0.0015,No hit,,,,
940,VIT_11s0016g05340,3,0.0015,Ethylene-responsive transcription factor SHINE 3,SHINE3_2,VvERF043,vv30008Ethylene_signaling,vv60003AP2_EREBP
941,VIT_11s0037g00870,3,0.0015,AP2-like ethylene-responsive transcription factor,AP2_1,VvAP2-01,vv30008Ethylene_signaling,vv60003AP2_EREBP
942,VIT_15s0048g01610,3,0.0015,Geraniol 10-hydroxylase,G10H,,vv10902Monoterpenoid_biosynthesis,
943,VIT_19s0015g00930,3,0.0015,Hydroxyproline-rich glycoprotein,HRGP,,vv40006Cell_wall,
944,VIT_19s0027g00430,3,0.0015,No hit,,,,
945,VIT_17s0000g00130,3,0.0015,SEC14 cytosolic factor,SEC14,,vv50122Porters_cat_7_to_17,
946,VIT_19s0085g00890,3,0.0015,Myb APL (altered phloem development),APL,,vv60029G2-like,
947,VIT_14s0060g00840,3,0.0015,Adaptor-related protein complex 3  mu 1 sub,AP3M1,,vv50110Protein_coat,
948,VIT_16s0039g01850,3,0.0015,Syntaxin 7,K08488,,vv24130SNARE_interactions_in_vesicular_transport,vv44145Phagosome
949,VIT_01s0011g04520,3,0.0015,Programmed cell death 6-interacting protein,K12200,,vv50111Tethering_factors,
950,VIT_14s0030g00350,3,0.0015,RKF3 (receptor-like kinase IN in flowers 3),RKF3,,vv60042MADS,
951,VIT_00s0220g00110,3,0.0015,Acetolactate synthase small subunit,E2_2_1_6,,vv10290Valine_leucine_and_isoleucine_biosynthesis,vv10650Butanoate_metabolism
952,VIT_07s0141g00370,3,0.0015,No hit,,,,
953,VIT_14s0128g00610<br>VIT_14s0128g00640,3,0.0015,
954,VIT_05s0077g02000,3,0.0015,Epoxide hydrolase,E3_3_2_10,,,
955,VIT_05s0077g00670,3,0.0015,Unknown protein,,,,
956,VIT_11s0078g00480,3,0.0015,Myb domain protein 93,MYB93_3,MYB180,vv60044MYB,
957,VIT_12s0059g02280,3,0.0015,Spg1p (septum-promoting GTPase),,,,
958,VIT_12s0059g02130,3,0.0015,F-box family protein,,,,
959,VIT_03s0038g01920,3,0.0015,Nuclear pore complex protein Nup188,K14311,,vv23013RNA_transport,
960,VIT_03s0132g00340,3,0.0015,Wall-associated receptor kinase-like 10,,,,
961,VIT_00s0479g00020,3,0.0015,Basic helix-loop-helix (bHLH) family,BHLHDOM_21,,vv60011BHLH,
962,VIT_01s0010g00930,3,0.0015,BZIP transcription factor bZIP58,BZIP58,VvbZIP02,vv60012BZIP,
963,VIT_06s0004g01640,3,0.0015,UDP-glucoronosyl and UDP-glucosyl transferase,,,,
964,VIT_19s0015g00120,3,0.0015,No hit,,,,
965,VIT_07s0031g00270,3,0.0015,Anthranilate N-hydroxycinnamoyl/benzoyltransferase,E2_3_1_144,,vv10400Phenylalanine_tyrosine_and_tryptophan_biosynthesis,
966,VIT_00s0682g00010,3,0.0015,RuvB DNA helicase protein,K04499,,,
967,VIT_08s0040g01270,3,0.0015,Dual specificity protein phosphatase,,,,
968,VIT_02s0109g00230,3,0.0015,Early-responsive to dehydration protein / ERD protein,,,,
969,VIT_08s0007g01160<br>VIT_08s0007g01190<br>VIT_08s0007g01170,3,0.0015,
970,VIT_18s0001g11710,3,0.0015,Photosystem II PsbO protein,K02716,,vv10195Photosynthesis,vv50113Thylakoid_targeting_pathway
971,VIT_03s0063g02250,3,0.0015,Polyol transporter 5,PLT5,,vv50121Porters_cat_1_to_6,
972,VIT_04s0008g06300,3,0.0015,Leucine-rich repeat family,,,,
973,VIT_11s0052g00440,3,0.0015,PIN1 auxin transport protein,PIN1,,vv50004Auxin_transport,vv50125Porters_cat_66_to_94
974,VIT_19s0090g01540,3,0.0015,Beta-1 2-xylosyltransferase,E2_4_2_38,,vv11030Glycan_structures-biosynthesis1,
975,VIT_00s0259g00050,3,0.0015,No hit,,,,
976,VIT_12s0178g00200,3,0.0015,Actin beta/gamma 1,K05692,,vv44810Regulation_of_actin_cytoskeleton,
977,VIT_01s0137g00170,3,0.0015,B-keto acyl reductase,,,,
978,VIT_08s0007g04350,3,0.0014,Protein kinase,,,,
979,VIT_00s0956g00030<br>VIT_00s0259g00210,3,0.0014,
980,VIT_14s0128g00940,3,0.0014,No hit,,,,
981,VIT_10s0116g00570,3,0.0014,Nuclear transport factor 2B,NTF2B,,vv50133Primary_active_transporter_cat_A9_to_A18,
982,VIT_14s0066g01340,3,0.0014,DNA-binding protein,,,,
983,VIT_18s0122g01240,3,0.0014,Serine/threonine Protein kinase BNK1,,,,
984,VIT_10s0116g01140,3,0.0014,Stigma-specific Stig1,,,,
985,VIT_00s0214g00050,3,0.0014,No hit,,,,
986,VIT_00s0265g00100,3,0.0014,Lectin-receptor like protein kinase 3,,,,
987,VIT_01s0011g03240,3,0.0014,PGPS/D12,,,,
988,VIT_05s0049g00260,3,0.0014,2-oxoglutarate-dependent dioxygenase,,,,
989,VIT_19s0090g01020,3,0.0014,Molybdopterin biosynthesis protein CNX5,K11996,,vv10790Folate_biosynthesis,vv24122Sulfur_relay_system
990,VIT_03s0063g00570,3,0.0014,Fw2.2 ORFX,,,,
991,VIT_06s0009g01120,3,0.0014,Pentatricopeptide (PPR) repeat,,,,
992,VIT_11s0016g05900,3,0.0014,Clathrin assembly protein 10,CAP10,,vv50110Protein_coat,
993,VIT_11s0016g02610,3,0.0014,Caffeoyl-CoA O-methyltransferase,E2_1_1_104,,vv10940Phenylpropanoid_biosynthesis,
994,VIT_10s0042g00320,3,0.0014,Myosin-like protein XIH,MYOSINXIH,,vv44810Regulation_of_actin_cytoskeleton,
995,VIT_01s0026g00570,3,0.0014,Bet v I allergen,,,,
996,VIT_18s0157g00080,3,0.0014,Alliin lyase precursor,E4_4_1_4,,vv10272Cysteine_metabolism,
997,VIT_04s0008g06600,3,0.0014,WRKY DNA-binding protein 32,WRKY32_1,VvWRKY09,vv60066WRKY,
998,VIT_04s0008g06380,3,0.0014,TPR1 (topless-related 1),TPR1,,vv30003Auxin_signaling,
999,VIT_14s0219g00190,3,0.0014,Steroid nuclear receptor  ligand-binding,,,,
1000,VIT_12s0059g02010,3,0.0014,Glutamate formiminotransferase,E2_1_2_5,,vv10251Glutamate_metabolism,vv10670One_carbon_pool_by_folate
1001,VIT_14s0066g00950,3,0.0014,Isocitrate dehydrogenase  chloroplast precursor,E1_1_1_42,,vv10020Citrate_cycle,vv10720Reductive_carboxylate_cycle
1002,VIT_10s0003g01830,3,0.0014,Aquaporin NIP1;2,NIP1_2,,vv50101Channels_and_pores,
1003,VIT_03s0110g00110<br>VIT_00s0344g00020<br>VIT_00s1871g00010,3,0.0014,
1004,VIT_04s0008g02860,3,0.0014,Cation transport protein chaC,K07232,,vv50109Incompletely_characterized_transport_systems,
1005,VIT_17s0000g06750,3,0.0014,Unknown protein,,,,
1006,VIT_07s0129g00800,3,0.0014,CYP81E1 Isoflavone 2'-hydroxylase,E1_14_13_89,,vv10943Isoflavonoid_biosynthesis,
1007,VIT_17s0000g07890,3,0.0014,Rac-like GTP-binding protein ARAC10 (GTPase protein ROP10),ROP10,,vv34020Calcium_signaling_pathway,
1008,VIT_07s0005g01790,3,0.0014,Acyl-CoA synthetase long-chain member 2,E6_2_1_3_LACS2,,vv10071Fatty_acid_metabolism,vv44146Peroxisome
1009,VIT_13s0047g01110,3,0.0014,No hit,,,,
