Vv_m2,2000,1000,VIT_06s0004g01460<br>VIT_06s0004g01450
rank,node,Fabs,Frel,Functional-annotation,Name-EC-KeggID,Updated-name,Network1,Network2
1,VIT_03s0063g00680,2070,1.0000,Zinc metalloprotease pitrilysin sub A,E3_4_24_x,,,
2,VIT_06s0004g01470,2054,1.0000,Lipoxygenase LOX1,E1_13_11_12,,vv10592alpha-Linolenic_acid_metabolism,
3,VIT_05s0094g00880,2063,0.9995,Unknown,,,,
4,VIT_00s0245g00030,2063,0.9995,Integral membrane family protein,,,,
5,VIT_08s0056g01690,2062,0.9995,LrgB-like family protein,,,,
6,VIT_09s0018g01800,2060,0.9995,Acid phosphatase,E3_1_3_2,,vv10740Riboflavin_metabolism,
7,VIT_19s0014g00250,2059,0.9990,Bile acid:sodium symporter,K03453,,vv50123Porters_cat_18_to_29,
8,VIT_08s0007g04580,2066,0.9986,UGT73C2 (UDP-glucosyl transferase 73C2),,,,
9,VIT_01s0137g00510,2065,0.9985,CYP71B10,CYP71B10,,vv10940Phenylpropanoid_biosynthesis,
10,VIT_08s0007g00920,2064,0.9976,Tropinone reductase,E1_1_1_206,,vv10220Urea_cycle_and_metabolism_of_amino_groups,
11,VIT_08s0007g05990,2041,0.9903,Beta 1-3 glucanase,E3_2_1_6,,,
12,VIT_04s0008g03600,2026,0.9835,Tocopherol cyclase,K09834,,vv10100Biosynthesis_of_steroids,
13,VIT_12s0059g01870,2020,0.9830,GH3-like protein,AUXINBIOSYNTHESIS_GH3,,vv11002Auxin_biosynthesis,
14,VIT_08s0007g01640,2018,0.9758,Fructokinase,E2_7_1_4,,vv10051Fructose_and_mannose_metabolism,vv10500Starch_and_sucrose_metabolism
15,VIT_08s0056g01070,2012,0.9758,MATE efflux family protein,MATE,,vv50125Porters_cat_66_to_94,
16,VIT_00s0267g00030,2004,0.9728,Unknown,,,,
17,VIT_11s0052g01630,2017,0.9706,Anthocyanidin 3-O-glucosyltransferase,E2_4_1_115,,vv10942Anthocyanin_biosynthesis,
18,VIT_03s0017g01280,1989,0.9679,ABC transporter G member 7,ABCG7,,vv52010ABC_transporters,
19,VIT_10s0116g01580,1976,0.9578,No hit,,,,
20,VIT_04s0008g03590,1988,0.9562,Phosphorylase,E2_4_1_1,,vv10500Starch_and_sucrose_metabolism,
21,VIT_15s0021g01560,1974,0.9545,Leucine carboxyl methyltransferase family protein,K00599,,vv10340Histidine_metabolism,vv10350Tyrosine_metabolism
22,VIT_06s0009g02850,1971,0.9494,Cytochrome P450  family 79  subfamily A  polypeptide 2,K12153,,vv10966Glucosinolate_biosynthesis,
23,VIT_15s0046g00490,1954,0.9481,Wax synthase,E2_3_1_75,,vv11000Single_reactions,
24,VIT_18s0001g07360,1946,0.9419,ER6 protein universal stress protein (USP) family,USPER6,,vv30008Ethylene_signaling,
25,VIT_01s0011g00100,1944,0.9409,MADS-box APETALA 1,APETALA1_2,,vv30009Flower_development,vv60042MADS
26,VIT_00s0820g00010,1937,0.9394,Unknown protein,,,,
27,VIT_05s0020g04110,1941,0.9377,ELIP1 (early light-inducible protein),,,,
28,VIT_19s0015g00740,1932,0.9347,Prefoldin,,,,
29,VIT_07s0151g00110<br>VIT_07s0151g00190<br>VIT_07s0151g00250,1926,0.9331,
30,VIT_15s0048g01130,1924,0.9304,Subtilase,,,,
31,VIT_11s0052g01600,1919,0.9302,UDP-glucose flavonoid 3-O-glucosyltransferase 7,E2_4_1_91,,vv10941Flavonoid_biosynthesis,
32,VIT_00s0266g00020<br>VIT_00s0372g00020<br>VIT_00s0271g00010<br>VIT_00s0385g00020<br>VIT_00s0522g00020<br>VIT_00s0372g00060<br>VIT_00s0372g00030<br>VIT_00s0385g00010,1919,0.9288,
33,VIT_19s0015g00510,1909,0.9271,Pectate lyase 2,E4_2_2_2,,vv40006Cell_wall,
34,VIT_00s0218g00100,1914,0.9264,Metal transporter Nramp6,NRAMP6,,vv50124Porters_cat_30_to_64,
35,VIT_15s0046g02390,1909,0.9240,ANTR2 (anion transporter 2),ANTR2,,vv50121Porters_cat_1_to_6,
36,VIT_06s0080g01020,1918,0.9234,Secoisolariciresinol dehydrogenase,SIRD,,vv10940Phenylpropanoid_biosynthesis,
37,VIT_18s0001g01370,1901,0.9206,Wall-associated receptor kinase 5,,,,
38,VIT_17s0000g04520,1903,0.9193,Cell growth defect factor 1,,,,
39,VIT_16s0098g01050,1896,0.9120,RNA binding / nucleic acid binding / nucleotide binding [Arabidopsis thaliana],,,,
40,VIT_18s0001g10600,1885,0.9111,Unknown,,,,
41,VIT_05s0049g01650,1868,0.9072,Cyclopropane fatty acid synthase,E2_1_1_79,,vv10271Methionine_metabolism,
42,VIT_09s0070g00090,1868,0.9050,Unknown,,,,
43,VIT_17s0000g04690,1870,0.9043,Protease SppA,,,,
44,VIT_03s0038g03250,1873,0.9031,Vestitone reductase,E1_1_1_246,,vv10943Isoflavonoid_biosynthesis,
45,VIT_01s0010g00840,1866,0.8933,2-oxoglutarate decarboxylase,E4_1_1_71,,vv10251Glutamate_metabolism,
46,VIT_05s0136g00140,1847,0.8918,AarF domain containing kinase,K08869,,,
47,VIT_08s0007g08920,1849,0.8911,Zeatin O-glucosyltransferase,E2_4_1_215,,vv10908Zeatin_biosynthesis,
48,VIT_08s0040g01360,1832,0.8863,Histidyl-tRNA synthetase,E6_1_1_21,,vv10340Histidine_metabolism,vv20970Aminoacyl-tRNA_biosynthesis
49,VIT_14s0006g01720,1816,0.8790,No hit,,,,
50,VIT_04s0008g05160,1821,0.8734,Unknown protein,,,,
51,VIT_08s0007g02840,1808,0.8722,Unknown protein,,,,
52,VIT_11s0016g03120,1809,0.8705,TRNA/rRNA methyltransferase (SpoU),K02533,,,
53,VIT_02s0033g01000,1798,0.8699,Anthraniloyal-CoA: methanol anthraniloyal transferase,AMAT,,vv10400Phenylalanine_tyrosine_and_tryptophan_biosynthesis,
54,VIT_04s0023g00580,1791,0.8648,Auxin-responsive SAUR32,SAUR32,,vv30003Auxin_signaling,
55,VIT_12s0142g00700,1782,0.8630,MEKK1,K04416,,vv24120Ubiquitin_mediated_proteolysis,vv34626Plant-pathogen_interaction
56,VIT_05s0062g00640,1786,0.8620,UDP-glucose:flavonoid 7-O-glucosyltransferase,E2_4_1_237,,vv10941Flavonoid_biosynthesis,
57,VIT_02s0012g01060,1767,0.8578,ABC protein 6 non-intrinsic,K09015,,vv52010ABC_transporters,
58,VIT_06s0004g01480,1778,0.8552,Lipoxygenase LOX1,E1_13_11_12,,vv10592alpha-Linolenic_acid_metabolism,
59,VIT_00s0199g00190,1761,0.8540,14-3-3 protein GF14 kappa (GRF8),,,,
60,VIT_10s0116g00750,1758,0.8476,S-linalool synthase,E4_2_3_25,,vv10900Terpenoid_biosynthesis,
61,VIT_00s0267g00050,1750,0.8475,No hit,,,,
62,VIT_05s0020g04540,1733,0.8429,Beta-ketoacyl-CoA synthase,E2_3_1_41,,vv10061Fatty_acid_biosynthesis,
63,VIT_04s0043g01010,1743,0.8408,Violaxanthin de-epoxidase,E1_10_99_3,,vv10906Carotenoid_biosynthesis,
64,VIT_02s0033g01050,1716,0.8346,Anthraniloyal-CoA: methanol anthraniloyal transferase,AMAT,,vv10400Phenylalanine_tyrosine_and_tryptophan_biosynthesis,
65,VIT_07s0104g00610,1715,0.8333,Glutamine synthetase,E6_3_1_2,,vv10251Glutamate_metabolism,vv10550Peptidoglycan_biosynthesis
66,VIT_15s0021g00010,1717,0.8319,Eceriferum 1 (CER1 protein) Sterol desaturase,,,,
67,VIT_02s0033g01020,1721,0.8302,Anthraniloyal-CoA: methanol anthraniloyal transferase,AMAT,,vv10400Phenylalanine_tyrosine_and_tryptophan_biosynthesis,
68,VIT_14s0006g01290,1693,0.8279,Myb domain protein 113,MYB113_2,MYBA6,vv60044MYB,
69,VIT_11s0016g04410,1711,0.8254,Unknown protein,,,,
70,VIT_00s0245g00010,1703,0.8231,Integral membrane protein,,,,
71,VIT_17s0000g03940,1700,0.8221,ferulate 5-hydroxylase,K09755,,vv10940Phenylpropanoid_biosynthesis,
72,VIT_01s0011g00850,1706,0.8206,Unknown protein,,,,
73,VIT_09s0002g05990,1694,0.8152,6-4 photolyase,K02295,,vv34710Circadian_rhythm,
74,VIT_09s0002g07500,1671,0.8072,Hydrolase  alpha/beta fold,,,,
75,VIT_06s0004g06460,1662,0.8056,CYP71E,,,,
76,VIT_12s0035g00560,1667,0.8034,CYP82M1v3,,,,
77,VIT_02s0012g02050,1659,0.8026,PAP/fibrillin family,K06825,,,
78,VIT_05s0094g01030,1659,0.7984,UDP-glucose:salicylic acid glucosyltransferase,E2_4_1_35,,vv10500Starch_and_sucrose_metabolism,
79,VIT_14s0006g02990,1642,0.7936,3-ketoacyl-CoA synthase,,,,
80,VIT_10s0116g00410,1618,0.7851,Gibberellin 2-beta-dioxygenase 7,E1_14_11_13,,vv10904Diterpenoid_biosynthesis,
81,VIT_07s0031g02630,1631,0.7819,Aldehyde dehydrogenase,E1_2_1_3,vv10561Glycerolipid_metabolism,vv10010Glycolysis,vv10071Fatty_acid_metabolism
82,VIT_10s0092g00050,1613,0.7807,Ribosomal protein L17,K02879,,vv23010Ribosome,
83,VIT_05s0062g01280,1618,0.7801,Cyclo-DOPA 5-O-glucosyltransferase,CD5OGT,,vv10350Tyrosine_metabolism,
84,VIT_13s0047g00020,1611,0.7790,ZIF1 (zinc induced facilitator 1); carbohydrate transporter,ZIF1,,vv50121Porters_cat_1_to_6,
85,VIT_01s0010g01350,1601,0.7749,ADP-glucose pyrophosphorylase large subunit CagpL2,E2_7_7_27,,vv10500Starch_and_sucrose_metabolism,
86,VIT_11s0037g00010,1599,0.7740,RAV1-like ethylene-responsive transcription factor,RAV1_1,VvRAV6,vv30008Ethylene_signaling,vv60003AP2_EREBP
87,VIT_04s0008g01290,1595,0.7683,CGA1 (cytokinin-responsive GATA factor 1),CGA1,,vv30007Cytokinin_signaling,vv60016C2C2-GATA
88,VIT_10s0003g04940,1586,0.7677,Acyl-CoA synthetases (Acyl-activating enzyme 14),E6_2_1_3,,vv10071Fatty_acid_metabolism,vv50104Group_translocators
89,VIT_13s0067g03470,1577,0.7641,Glutathione S-transferase GSTO1,E2_5_1_18_GSTO1,,vv10480Glutathione_metabolism,
90,VIT_06s0004g01220,1550,0.7524,PAP/fibrillin family,K06825,,,
91,VIT_18s0001g09980,1554,0.7522,Unknown protein,,,,
92,VIT_01s0150g00060,1545,0.7475,SOUL heme-binding,,,,
93,VIT_18s0001g05030,1530,0.7402,Glucan 1 3-beta-glucosidase precursor,E3_2_1_58,,vv10500Starch_and_sucrose_metabolism,
94,VIT_10s0003g04470,1535,0.7401,Glutathione S-conjugate ABC transporter (MRP2),MRP2,,vv52010ABC_transporters,
95,VIT_18s0001g00190,1529,0.7383,Cell division protease FtsH,K03798,,vv50133Primary_active_transporter_cat_A9_to_A18,
96,VIT_03s0038g03420,1514,0.7318,Cytokinin riboside 5'-monophosphate phosphoribohydrolase LOG5,LOG5,,vv10908Zeatin_biosynthesis,
97,VIT_02s0033g01320,1507,0.7312,Amino acid permease,AAPREL,,vv50123Porters_cat_18_to_29,
98,VIT_05s0077g00450,1492,0.7225,Ribosomal protein S1 30S,K02945,,vv23010Ribosome,
99,VIT_05s0102g00740,1498,0.7212,Leucin-rich repeat protein kinase,,,,
100,VIT_14s0060g01050,1485,0.7195,Pentatricopeptide (PPR) repeat-containing protein,,,,
101,VIT_09s0002g03130,1483,0.7192,FRK1 (FLG22-induced receptor-like kinase 1),FRK1,,vv34626Plant-pathogen_interaction,
102,VIT_05s0020g05060,1486,0.7186,Cellulose synthase CSLG2,E2_4_1_12_CSLG2,,vv40006Cell_wall,
103,VIT_02s0025g02640,1487,0.7166,Unknown protein,,,,
104,VIT_03s0017g01360,1477,0.7149,UDP-glycosyltransferase 85A8,,,,
105,VIT_03s0180g00120,1476,0.7148,Sodium hydrogen antiporter NHD1,NHD1,,vv50124Porters_cat_30_to_64,
106,VIT_14s0006g00630,1478,0.7137,Dehydroascorbate reductase,E1_8_5_1,,vv10053Ascorbate_and_aldarate_metabolism,vv10251Glutamate_metabolism
107,VIT_00s0324g00110,1468,0.7126,Haloacid dehalogenase hydrolase,E3_1_3_18,,vv10630Glyoxylate_and_dicarboxylate_metabolism,
108,VIT_14s0066g01210,1463,0.7078,Carbonic anhydrase  chloroplast precursor,E4_2_1_1,,vv10910Nitrogen_metabolism,vv50124Porters_cat_30_to_64
109,VIT_00s0211g00080,1466,0.7065,Serine hydroxymethyltransferase 2,E2_1_2_1,,vv10260Glycine_serine_and_threonine_metabolism,vv10670One_carbon_pool_by_folate
110,VIT_18s0122g00590,1453,0.7060,DNA-binding protein,,,,
111,VIT_17s0000g04680,1455,0.7053,Signal peptide peptidase SPPA,,,,
112,VIT_07s0031g01320,1454,0.6990,TGA-type basic leucine zipper protein TGA1.1,TGA1,VvbZIP23,vv30011Jasmonate_signaling,vv60012BZIP
113,VIT_18s0072g00230,1429,0.6920,ATPase,,,,
114,VIT_19s0014g00080,1426,0.6866,Steroid 5alpha-reductase,K09591,,vv10905Brassinosteroid_biosynthesis,
115,VIT_08s0007g08910,1417,0.6819,Cis-zeatin O-beta-D-glucosyltransferase,E2_4_1_215,,vv10908Zeatin_biosynthesis,
116,VIT_04s0043g00700,1396,0.6806,PTAC3 (plastid transcriptionally active3),PTAC3,,,
117,VIT_09s0002g05530,1407,0.6777,ABC transporter g family pleiotropic drug resistance 12 PDR12,ABCGPDR12,,vv52010ABC_transporters,
118,VIT_13s0019g02940,1394,0.6757,Cis-zeatin O-beta-D-glucosyltransferase,E2_4_1_215,,vv10908Zeatin_biosynthesis,
119,VIT_06s0061g00230,1394,0.6757,ABC transporter G member 7,ABCG7,,vv52010ABC_transporters,
120,VIT_08s0007g01200,1388,0.6735,S-locus receptor protein kinase,,,,
121,VIT_00s0587g00030,1391,0.6713,CBS domain-containing protein,,,,
122,VIT_00s1674g00010,1391,0.6694,4-nitrophenylphosphatase,E3_1_3_18,,vv10630Glyoxylate_and_dicarboxylate_metabolism,
123,VIT_17s0000g00900,1388,0.6683,Glutamate 1-semialdehyde aminotransferase,E5_4_3_8,,vv10860Porphyrin_and_chlorophyll_metabolism,
124,VIT_15s0024g00440,1370,0.6634,R protein  PRF  disease resistance protein,K13453,,vv34627R_proteins_from_Plant-pathogen_interaction,
125,VIT_11s0037g01210,1353,0.6578,Eceriferum 1 (CER1 protein) Sterol desaturase,,,,
126,VIT_00s0404g00010,1347,0.6520,Beta-galactosidase,E3_2_1_23,,vv10052Galactose_metabolism,vv10511N-Glycan_degradation
127,VIT_19s0014g04900,1346,0.6502,(-)-germacrene D synthase,E4_2_3_22,,vv10900Terpenoid_biosynthesis,
128,VIT_19s0093g00440,1336,0.6457,3-ketoacyl-CoA synthase,,,,
129,VIT_08s0007g07660,1325,0.6441,Hydroxyproline-rich glycoprotein,HRGP,VvNAC60,vv40006Cell_wall,
130,VIT_01s0026g01340,1324,0.6375,Glutathione S-transferase 29 GSTU18,E2_5_1_18_GSTU18,,vv10480Glutathione_metabolism,
131,VIT_18s0041g01210<br>VIT_18s0041g01160<br>VIT_18s0041g01170,1315,0.6374,
132,VIT_15s0048g00640,1319,0.6363,L-lactate dehydrogenase,E1_1_1_27,,vv10010Glycolysis,vv10272Cysteine_metabolism
133,VIT_09s0018g01610,1313,0.6343,2-dehydropantoate 2-reductase,E1_1_1_169,,vv10770Pantothenate_and_CoA_biosynthesis,
134,VIT_18s0001g04580,1316,0.6321,Unknown protein,,,,
135,VIT_13s0064g00160,1297,0.6293,Unknown protein,,,,
136,VIT_00s0253g00070,1308,0.6270,Unknown,,,,
137,VIT_18s0001g01760,1295,0.6268,PISTILLATA (PI) floral homeotic protein,PISTILLATA_1,,vv30009Flower_development,vv60042MADS
138,VIT_03s0038g01530,1300,0.6268,R protein  PRF  disease resistance protein,K13453,,vv34627R_proteins_from_Plant-pathogen_interaction,
139,VIT_02s0087g00190,1290,0.6250,SH3 domain-containing protein 2,SH3P2,,vv50110Protein_coat,
140,VIT_02s0154g00030,1276,0.6167,No hit,,,,
141,VIT_06s0004g01500,1275,0.6162,Lipoxygenase (LOX2),E1_13_11_12,,vv10592alpha-Linolenic_acid_metabolism,
142,VIT_00s0286g00130,1270,0.6118,S-locus lectin protein kinase,,,,
143,VIT_04s0023g00700,1266,0.6089,Serine carboxypeptidase S10,,,,
144,VIT_06s0009g03690,1267,0.6056,F-box domain containing protein,,,,
145,VIT_01s0011g04500,1242,0.6026,Oxidoreductase NAD-binding domain,E2_x_x_x,,,
146,VIT_08s0058g01450,1224,0.5942,STN8 (state transition 8),,,,
147,VIT_15s0046g00510,1233,0.5928,Wax synthase,E2_3_1_75,,vv11000Single_reactions,
148,VIT_08s0007g03300,1221,0.5901,Unknown protein,,,,
149,VIT_08s0105g00430,1219,0.5886,Omega-3 fatty acid desaturase  chloroplast precursor,K10257,,vv11040Biosynthesis_of_unsaturated_fatty_acids,
150,VIT_18s0001g03470,1216,0.5874,Flavonol synthase,E1_14_11_23,,vv10941Flavonoid_biosynthesis,
151,VIT_06s0004g01510,1205,0.5844,Lipoxygenase (LOX2),E1_13_11_12,,vv10592alpha-Linolenic_acid_metabolism,
152,VIT_09s0002g07210,1201,0.5824,Molecular chaperone DnaJ,K03686,,vv50132Primary_active_transporter_cat_A5_to_A8,
153,VIT_11s0016g02350,1210,0.5817,Ubiquinone/menaquinone biosynthesis methyltransferase UbiE,K06127,,vv10130Ubiquinone_biosynthesis,
154,VIT_09s0018g01650,1201,0.5805,Wrinkled1 (AP2/ERBP),WRINKLED1_1,VvAP2-06,vv30008Ethylene_signaling,vv60003AP2_EREBP
155,VIT_03s0017g01290,1192,0.5758,ABC transporter G member 7,ABCG7,,vv52010ABC_transporters,
156,VIT_07s0005g06250,1170,0.5649,R protein MLA10,K13475,,vv34627R_proteins_from_Plant-pathogen_interaction,
157,VIT_12s0028g00960,1162,0.5605,Phytoene synthase  chloroplast precursor,E2_5_1_32,,vv10100Biosynthesis_of_steroids,vv10900Terpenoid_biosynthesis
158,VIT_04s0008g03930,1158,0.5589,RD22,,,,
159,VIT_16s0039g01870,1148,0.5541,Protein kinase,,,,
160,VIT_14s0066g01000,1143,0.5524,Phosphate/phosphoenolpyruvate translocator,PPTLREL,,vv50122Porters_cat_7_to_17,
161,VIT_19s0085g01040,1134,0.5470,Cationic peroxidase,E1_11_1_7,,vv10360Phenylalanine_metabolism,vv10680Methane_metabolism
162,VIT_06s0061g00250,1125,0.5424,ABC transporter G member 7,ABCG7,,vv52010ABC_transporters,
163,VIT_15s0046g03600,1116,0.5420,(+)-neomenthol dehydrogenase,E1_1_1_208,,vv10902Monoterpenoid_biosynthesis,
164,VIT_19s0027g00220,1120,0.5400,Unknown protein,,,,
165,VIT_12s0028g01600,1113,0.5392,FtsH protease (VAR2),K03798,,vv50133Primary_active_transporter_cat_A9_to_A18,
166,VIT_16s0115g00150,1115,0.5350,No hit,,,,
167,VIT_12s0028g03960,1103,0.5326,Ankyrin repeat protein family,K10380,,vv50108Accessory_factors_involved_in_transport,
168,VIT_12s0035g00150,1099,0.5309,Leucine Rich Repeat receptor-like kinase,,,,
169,VIT_12s0028g01250,1102,0.5288,ATP-dependent Clp protease proteolytic subunit (ClpP4),E3_4_21_92,,,
170,VIT_18s0001g08980,1092,0.5273,Beta-1 4-mannosyltransferase,E2_4_1_142,,vv10510N-Glycan_biosynthesis,vv11030Glycan_structures-biosynthesis1
171,VIT_16s0039g01580,1097,0.5269,Carbohydrate kinase,E2_7_1_15,,vv10030Pentose_phosphate,
172,VIT_08s0032g00790,1084,0.5247,ABC transporter G member 4,K05680,,vv52010ABC_transporters,
173,VIT_04s0008g03580,1071,0.5161,Proton-dependent oligopeptide transport (POT) family protein,POT,,vv50122Porters_cat_7_to_17,
174,VIT_07s0031g01640,1062,0.5150,ABC transporter F member 8,ABCF8,,vv52010ABC_transporters,
175,VIT_10s0116g01880,1065,0.5135,MATE efflux family protein,MATE,,vv50125Porters_cat_66_to_94,
176,VIT_01s0026g02240,1065,0.5128,ANTR2 (anion transporter 2,ANTR2,,vv50121Porters_cat_1_to_6,
177,VIT_09s0002g03870,1061,0.5126,RPS5 (resistant to p. syringae 5),K13460,,vv34627R_proteins_from_Plant-pathogen_interaction,
178,VIT_19s0140g00210,1047,0.5075,SOUL heme-binding,,,,
179,VIT_02s0087g00490,1045,0.5046,10-deacetylbaccatin III 10-O-acetyltransferase,E2_3_1_167,,vv10904Diterpenoid_biosynthesis,
180,VIT_17s0000g01410,1040,0.5039,Nucleotide pyrophosphatase,E3_6_1_9,,vv10230Purine_metabolism,vv10500Starch_and_sucrose_metabolism
181,VIT_15s0048g01500,1038,0.5017,Geraniol 10-hydroxylase,G10H,,vv10902Monoterpenoid_biosynthesis,
182,VIT_11s0016g03250,1036,0.4981,Lachrymatory factor synthase,,,,
183,VIT_08s0007g00530,1023,0.4968,3-beta hydroxysteroid dehydrogenase/isomerase protein,E1_1_1_145,,vv10140C21-Steroid_hormone_metabolism,
184,VIT_03s0038g03840,1024,0.4940,Cuticular water permeability,,,,
185,VIT_00s0225g00130,1014,0.4908,Alanine transaminase.,E2_6_1_2,,vv10251Glutamate_metabolism,vv10252Alanine_and_aspartate_metabolism
186,VIT_13s0047g01050<br>VIT_13s0101g00360<br>VIT_14s0006g00850,1013,0.4901,
187,VIT_19s0090g01730,1015,0.4892,Zinc finger (C2H2 type) family,C2H2FAM_50,,vv60017C2H2,
188,VIT_14s0006g01680,1012,0.4872,CYP96A10,,,,
189,VIT_02s0033g01030,1005,0.4862,Anthraniloyal-CoA: methanol anthraniloyal transferase,AMAT,,vv10400Phenylalanine_tyrosine_and_tryptophan_biosynthesis,
190,VIT_12s0134g00600,1000,0.4838,Anthocyanin 5-aromatic acyltransferase,E2_3_1_153,,vv10941Flavonoid_biosynthesis,vv10942Anthocyanin_biosynthesis
191,VIT_14s0006g01980,993,0.4825,Zinc finger (C3HC4-type ring finger),ZFC3HC4_70,,vv60078Other_zf-C3HC4,
192,VIT_06s0004g06730,997,0.4814,Microsomal omega-3 fatty acid desaturase,K10257,,vv11040Biosynthesis_of_unsaturated_fatty_acids,
193,VIT_12s0134g00500,1002,0.4806,Cyclin D6,CYCD6_1,,vv44110Cell_cycle,
194,VIT_08s0007g06280,984,0.4800,Unknown,,,,
195,VIT_08s0058g00510,994,0.4793,MATE efflux family protein,MATE,,vv50125Porters_cat_66_to_94,
196,VIT_04s0079g00360,984,0.4761,Glutathione S-transferase 25 GSTU25,E2_5_1_18_GSTU25,,vv10480Glutathione_metabolism,
197,VIT_13s0073g00260,980,0.4737,No hit,,,,
198,VIT_03s0063g01730,978,0.4731,Viral-response family protein-like,,,,
199,VIT_17s0000g07800,968,0.4688,Unknown protein,,,,
200,VIT_02s0012g01000,954,0.4651,Protein tyrosine phosphatase,K01104,,,
201,VIT_18s0001g02810,945,0.4583,Acyl-CoA synthetase long-chain member 9,E6_2_1_3_LACS9,,vv10071Fatty_acid_metabolism,vv44146Peroxisome
202,VIT_12s0059g02280,940,0.4559,Spg1p (septum-promoting GTPase),,,,
203,VIT_09s0002g03720,946,0.4546,Unknown protein,,,,
204,VIT_03s0038g02860,922,0.4482,Amino acid permease,AAPREL,,vv50123Porters_cat_18_to_29,
205,VIT_14s0006g01800,929,0.4481,Copper-binding family protein,,,,
206,VIT_12s0028g01740,922,0.4454,DNAJ heat shock N-terminal domain-containing protein,DNAJREL,,vv50132Primary_active_transporter_cat_A5_to_A8,
207,VIT_14s0060g01000,907,0.4399,Werner Syndrome exonuclease (WEX),K01146,,,
208,VIT_12s0134g00670,913,0.4383,Anthocyanin 5-aromatic acyltransferase,E2_3_1_153,,vv10941Flavonoid_biosynthesis,vv10942Anthocyanin_biosynthesis
209,VIT_12s0035g01080,886,0.4295,Carotenoid isomerase 1  chloroplast precursor,K09835,,vv10906Carotenoid_biosynthesis,
210,VIT_07s0129g00140,886,0.4291,Adenylylsulfate kinase,E2_7_1_25,,vv10230Purine_metabolism,vv10450Selenoamino_acid_metabolism
211,VIT_06s0004g03310,875,0.4254,Hydrolase  alpha/beta fold,,,,
212,VIT_04s0023g02290,884,0.4246,S-adenosyl-L-methionine:salicylic acid carboxyl methyltransferase,SAMTBSCMT,,vv10360Phenylalanine_metabolism,
213,VIT_03s0017g02360,875,0.4225,AarF domain containing kinase,K08869,,,
214,VIT_11s0016g01680,874,0.4220,No hit,,,,
215,VIT_03s0038g04110,864,0.4206,AT-hook DNA-binding protein,,,,
216,VIT_05s0051g00330,870,0.4205,F-box domain containing protein,,,,
217,VIT_10s0003g02160,856,0.4163,Trehalose-phosphatase,E2_4_1_15,,vv10500Starch_and_sucrose_metabolism,
218,VIT_17s0000g05640,862,0.4158,Nitrate transporter 1:2,NRT1_2,,vv50122Porters_cat_7_to_17,
219,VIT_11s0065g00180,853,0.4143,Proton extrusion protein CemA family protein pcxA,CEMA,,vv50109Incompletely_characterized_transport_systems,
220,VIT_14s0030g01650,855,0.4122,Unknown protein,,,,
221,VIT_15s0045g01520,840,0.4098,Eceriferum 1 (CER1 protein) Sterol desaturase,,,,
222,VIT_18s0001g04850,854,0.4094,Unknown,,,,
223,VIT_00s0301g00190,838,0.4074,Beta-galactosidase,E3_2_1_23,,vv10052Galactose_metabolism,vv10511N-Glycan_degradation
224,VIT_13s0067g00730,841,0.4037,Carboxylic ester hydrolase,E3_1_1_1,,,
225,VIT_00s0878g00020,836,0.4031,Stachyose synthase precursor,E2_4_1_67,,vv10052Galactose_metabolism,
226,VIT_16s0050g00730,831,0.4028,3-ketoacyl-CoA reductase 3,,,,
227,VIT_02s0025g00560,835,0.4028,Glycoside hydrolase  family 5,,,,
228,VIT_07s0129g00400,829,0.3991,Ribonuclease III,E3_1_26_3,,,
229,VIT_14s0006g01360,826,0.3988,No hit,,,,
230,VIT_04s0023g02810,826,0.3988,Aldehyde dehydrogenase 3B1,E1_2_1_3,vv10561Glycerolipid_metabolism,vv10010Glycolysis,vv10071Fatty_acid_metabolism
231,VIT_17s0000g09550,829,0.3984,CYP71A26,,,,
232,VIT_19s0027g01880,824,0.3981,Amino acid transport protein,AATRREL,,vv50123Porters_cat_18_to_29,
233,VIT_10s0116g00530,823,0.3966,Thiazole biosynthetic enzyme  chloroplast (ARA6),E2_5_1_3,,vv10730Thiamine_metabolism,
234,VIT_16s0039g00010,804,0.3895,ABC transporter G member 7,ABCG7,,vv52010ABC_transporters,
235,VIT_09s0002g00490,789,0.3834,Lipase GDSL 5,,,,
236,VIT_04s0023g01730,790,0.3828,Unknown protein,,,,
237,VIT_09s0054g01360,785,0.3783,Cycloartenol synthase,E5_4_99_8,,vv10100Biosynthesis_of_steroids,
238,VIT_04s0069g00540,780,0.3763,Glutamate receptor protein,GLR2_7,,vv50101Channels_and_pores,
239,VIT_15s0021g00120,774,0.3757,RPP13 (recognition of peronospora parasitica 13),RPP13,,vv34626Plant-pathogen_interaction,
240,VIT_09s0002g04310,775,0.3755,Rho guanyl-nucleotide exchange factor ROPGEF8,ROPGEF8,,,
241,VIT_12s0028g03600,763,0.3706,Unknown protein,,,,
242,VIT_07s0005g04070,761,0.3698,Leucine Rich Repeat receptor-like kinase,,,,
243,VIT_19s0015g01170,763,0.3688,MYB divaricata,DIVARICATA_5,,vv30009Flower_development,vv60044MYB
244,VIT_08s0058g01040,761,0.3662,SOS2 (salt overly sensitive 2),SOS2,,vv30001ABA_signaling,
245,VIT_16s0050g02070,761,0.3660,Pentatricopeptide repeat-containing protein,,,,
246,VIT_10s0003g03650,762,0.3653,Beta-amyrin synthase,E5_4_99_BAS,,vv10900Terpenoid_biosynthesis,
247,VIT_17s0000g02770,758,0.3648,Disease resistance protein (CC-NBS-LRR class),,,,
248,VIT_19s0014g04880,757,0.3646,(-)-germacrene D synthase,E4_2_3_22,,vv10900Terpenoid_biosynthesis,
249,VIT_19s0015g02080,750,0.3620,(-)-germacrene D synthase,E4_2_3_22,,vv10900Terpenoid_biosynthesis,
250,VIT_18s0001g12010,750,0.3606,RUB1 conjugating enzyme,K10579,,vv24120Ubiquitin_mediated_proteolysis,vv30003Auxin_signaling
251,VIT_01s0011g03870,747,0.3605,Delta7 sterol C-5 desaturase,K00258,,vv10902Monoterpenoid_biosynthesis,
252,VIT_10s0116g01870,734,0.3574,MATE efflux family protein,MATE,,vv50125Porters_cat_66_to_94,
253,VIT_04s0079g00610,733,0.3546,Early nodulin ENOD18 protein,,,,
254,VIT_00s0317g00010,736,0.3545,Unknown,,,,
255,VIT_10s0003g02050,730,0.3525,Cyclic phosphodiesterase,,,,
256,VIT_04s0023g02090,725,0.3516,Dihydroflavonol-4-reductase,E1_1_1_219,,vv10941Flavonoid_biosynthesis,
257,VIT_09s0002g01450,726,0.3507,Unknown protein,,,,
258,VIT_09s0018g01900,724,0.3499,PEPR1 (PEP1 receptor 1),,,,
259,VIT_04s0069g00230,716,0.3479,Glutamate receptor protein,GLR2_7,,vv50101Channels_and_pores,
260,VIT_13s0019g04250,719,0.3478,Unknown protein,,,,
261,VIT_13s0139g00160,717,0.3472,Golgin candidate 6,GOLGINC6,,vv50109Incompletely_characterized_transport_systems,
262,VIT_16s0100g00330,716,0.3454,Unknown protein,,,,
263,VIT_05s0020g00690,713,0.3448,PPR2,,,,
264,VIT_14s0128g00690,700,0.3377,Germin protein 3,,,,
265,VIT_11s0037g01400,694,0.3364,Zinc finger (C3HC4-type ring finger),ZFC3HC4_80,,vv60078Other_zf-C3HC4,
266,VIT_08s0105g00340,694,0.3359,NLI interacting factor (NIF),NIF,,vv50132Primary_active_transporter_cat_A5_to_A8,
267,VIT_11s0037g00020,685,0.3324,No hit,,,,
268,VIT_15s0048g02510,688,0.3319,Basic helix-loop-helix (bHLH) family,BHLHDOM_35,,vv60011BHLH,
269,VIT_14s0030g01550,687,0.3311,Cysteine synthase 7  cytosolic,E2_5_1_47,,vv10272Cysteine_metabolism,vv10450Selenoamino_acid_metabolism
270,VIT_00s0218g00220,682,0.3307,UDP-glucoronosyl/UDP-glucosyl transferase,,,,
271,VIT_17s0000g00130,683,0.3301,SEC14 cytosolic factor,SEC14,,vv50122Porters_cat_7_to_17,
272,VIT_06s0004g03490,678,0.3290,Nuclear transcription factor Y subunit B related,NFYBREL_5,,vv60021CCAAT,
273,VIT_11s0016g05570,685,0.3282,Thylakoid lumenal 16.5 kDa protein  chloroplast precursor,,,,
274,VIT_08s0007g03970,679,0.3280,Peroxiredoxin type 2,E1_11_1_15,,,
275,VIT_11s0016g04440,677,0.3253,Protease inhibitor/seed storage/lipid transfer protein (LTP),,,,
276,VIT_18s0001g10470,671,0.3232,Protein kinase MK6,,,,
277,VIT_08s0007g06560,664,0.3205,Lectin protein kinase,,,,
278,VIT_07s0005g00890,663,0.3201,Polygalacturonase GH28,E3_2_1_15,,vv40006Cell_wall,
279,VIT_11s0016g03510,650,0.3152,Elongation factor Ts,K02357,,,
280,VIT_11s0016g03500,652,0.3151,Unknown protein,,,,
281,VIT_00s0211g00070,648,0.3132,Glycine hydroxymethyltransferase,E2_1_2_1,,vv10260Glycine_serine_and_threonine_metabolism,vv10460Cyanoamino_acid_metabolism
282,VIT_03s0038g00740,647,0.3123,GC1 (GIANT chloroplast 1),GC1,,vv44110Cell_cycle,
283,VIT_10s0003g01640,645,0.3119,Transcription repressor,,,,
284,VIT_19s0027g00450,641,0.3112,Pentatricopeptide (PPR) repeat-containing protein,,,,
285,VIT_04s0043g00550,643,0.3090,Carboxyl-terminal proteinase,,,,
286,VIT_12s0028g02830,631,0.3045,Isoflavone methyltransferase/orcinol O-methyltransferase oomtB,E2_1_1_46,,vv10943Isoflavonoid_biosynthesis,
287,VIT_06s0009g02910,634,0.3045,Flavonoid 3' 5'-hydroxylase,E1_14_13_88,,vv10941Flavonoid_biosynthesis,
288,VIT_14s0068g01790,626,0.3024,Unknown,,,,
289,VIT_08s0007g01420,625,0.3022,Glutathione S-transferase 8 GSTU8,E2_5_1_18_GSTU8,,vv10480Glutathione_metabolism,
290,VIT_05s0020g00210,626,0.3018,No hit,,,,
291,VIT_14s0060g01030,619,0.3011,Haloacid dehalogenase hydrolase,E3_1_3_18,,vv10630Glyoxylate_and_dicarboxylate_metabolism,
292,VIT_05s0102g00990,621,0.3006,Glucosyltransferase-12,,,,
293,VIT_16s0098g00510,622,0.2990,Lipase class 3,,,,
294,VIT_12s0034g02570,616,0.2986,Leucine Rich Repeat receptor-like kinase,,,,
295,VIT_06s0061g00140,618,0.2973,Unknown protein,,,,
296,VIT_09s0002g06870,616,0.2969,Methyl-CpG-binding domain-containing protein,,,,
297,VIT_12s0034g02590,614,0.2952,Leucine Rich Repeat receptor-like kinase,,,,
298,VIT_07s0005g01790,609,0.2936,Acyl-CoA synthetase long-chain member 2,E6_2_1_3_LACS2,,vv10071Fatty_acid_metabolism,vv44146Peroxisome
299,VIT_17s0000g10060,600,0.2889,Lipase GDSL,,,,
300,VIT_01s0127g00710,593,0.2873,Mov34 STAM-binding protein,K11866,,vv50111Tethering_factors,
301,VIT_03s0088g00070,589,0.2861,No hit,,,,
302,VIT_05s0020g00900,590,0.2857,P-glycoprotein 4,PGP4,,vv52010ABC_transporters,
303,VIT_14s0006g03100,588,0.2841,No hit,,,,
304,VIT_06s0080g00280,585,0.2836,Bile acid sodium symporter,K03453,,vv50123Porters_cat_18_to_29,
305,VIT_08s0040g03280,587,0.2829,HCF152 (high chlorophyll fluorescence 152),,,,
306,VIT_10s0003g04140,580,0.2820,No hit,,,,
307,VIT_17s0000g02500,583,0.2811,RAB GTPase RABA6B,K07976,,,
308,VIT_10s0071g00020<br>VIT_10s0042g00050<br>VIT_13s0074g00070<br>VIT_10s0042g00030<br>VIT_10s0042g00020<br>VIT_13s0074g00080<br>VIT_10s0042g00010<br>VIT_00s0575g00020<br>VIT_10s0071g00010,579,0.2809,
309,VIT_10s0003g00620,581,0.2808,Lipase GDSL,,,,
310,VIT_06s0080g00030,579,0.2797,Aldo/keto reductase,E1_1_1_21,,vv10040Pentose_glucuronate_interconversion,vv10051Fructose_and_mannose_metabolism
311,VIT_13s0047g00080,579,0.2796,ZIFL1 (Zinc induced facilitator 1),ZIFL1,,vv50121Porters_cat_1_to_6,
312,VIT_19s0014g02720,575,0.2780,Unknown protein,,,,
313,VIT_12s0059g01810,571,0.2768,Photosystem II psbZ,K02724,,vv10195Photosynthesis,vv50135Primary_active_transporter_cat_D3_to_E2
314,VIT_14s0066g01380,570,0.2748,Calcium homeostasis regulator CHoR1,CHOR1,,,
315,VIT_18s0001g12900,565,0.2741,S-adenosyl-L-methionine:salicylic acid carboxyl methyltransferase,SAMTBSCMT,,vv10360Phenylalanine_metabolism,
316,VIT_08s0040g00790,563,0.2730,FK506-binding protein 4/5,K09571,,vv50108Accessory_factors_involved_in_transport,
317,VIT_03s0038g03870,562,0.2708,Calcium ion binding protein,,,,
318,VIT_11s0052g01640,561,0.2698,flavonol 3-O-glucosyltransferase,E2_4_1_91,,vv10941Flavonoid_biosynthesis,
319,VIT_04s0023g03280,558,0.2680,Zinc finger (Ran-binding),ZFRANBPDOM_3,,vv60080Other_zf,
320,VIT_09s0018g01970,547,0.2662,Unknown protein,,,,
321,VIT_15s0048g00630,550,0.2653,Protease inhibitor/seed storage/lipid transfer protein (LTP),,,,
322,VIT_00s0125g00050,550,0.2653,No hit,,,,
323,VIT_19s0014g04930,544,0.2637,Germacrene-D synthase,E4_2_3_22,,vv10900Terpenoid_biosynthesis,
324,VIT_19s0014g04840,546,0.2635,(-)-germacrene D synthase,E4_2_3_22,,vv10900Terpenoid_biosynthesis,
325,VIT_02s0241g00060,540,0.2607,Unknown protein,,,,
326,VIT_18s0001g14810,541,0.2606,Lipase 3 (EXL3) family II extracellular,,,,
327,VIT_00s0207g00070,539,0.2596,HAD-superfamily hydrolase  subfamily IIA,K07025,,,
328,VIT_07s0151g01000,533,0.2587,Photosystem I reaction center subunit II (PSAD),K02692,,vv10195Photosynthesis,vv50105Transport_electron_carriers
329,VIT_18s0001g13400,534,0.2586,Papain cysteine proteinase isoform I,E3_4_22_2,,,
330,VIT_05s0077g00640,533,0.2576,No hit,,,,
331,VIT_15s0048g02600,532,0.2575,Starch synthase,E2_4_1_21,,vv10500Starch_and_sucrose_metabolism,
332,VIT_05s0020g01550,531,0.2559,Isoleucyl-tRNA synthetase,E6_1_1_5,,vv10290Valine_leucine_and_isoleucine_biosynthesis,vv20970Aminoacyl-tRNA_biosynthesis
333,VIT_00s0323g00080,521,0.2512,Elongation factor G  chloroplast precursor,K02355,,,
334,VIT_08s0058g01230,516,0.2498,Non-specific lipid-transfer protein,,,,
335,VIT_11s0016g02560,515,0.2487,ACC synthase 2,E4_4_1_14,,vv10640Propanoate_metabolism,vv30008Ethylene_signaling
336,VIT_09s0002g06120,513,0.2483,Biotin carboxyl carrier protein of acetyl-CoA carboxylase,E6_4_1_2,,vv10061Fatty_acid_biosynthesis,vv10620Pyruvate_metabolism
337,VIT_18s0075g00700,512,0.2476,Laccase,E1_10_3_2,,vv11000Single_reactions,vv50109Incompletely_characterized_transport_systems
338,VIT_18s0001g03830,510,0.2471,Unknown protein,,,,
339,VIT_02s0025g04550,508,0.2460,Glucose-methanol-choline (GMC) oxidoreductase,E1_1_99_1,,vv10260Glycine_serine_and_threonine_metabolism,
340,VIT_09s0018g00400,504,0.2448,Unknown protein,,,,
341,VIT_01s0137g00710,507,0.2442,Alpha-L-fucosidase 2 precursor,E3_2_1_51,,vv10511N-Glycan_degradation,
342,VIT_07s0104g00490,502,0.2432,Unknown,,,,
343,VIT_16s0098g01420,501,0.2417,DOF affecting germination 1,DAG1_2,,vv60015C2C2-DOF,
344,VIT_13s0101g00060,500,0.2417,No hit,,,,
345,VIT_05s0124g00320,502,0.2415,Male sterility 2,,,,
346,VIT_07s0104g01030,496,0.2398,Serine/threonine-protein phosphatase BSL1,K04382,,vv23015mRNA_surveillance_pathway,vv34020Calcium_signaling_pathway
347,VIT_14s0030g01950,489,0.2357,Transferase,,,,
348,VIT_00s0353g00050,487,0.2354,Serine/threonine kinase BRLK,,,,
349,VIT_18s0001g02600,482,0.2348,Ribosomal protein S1  30S,K02945,,vv23010Ribosome,
350,VIT_01s0011g03080,485,0.2336,Methionine aminopeptidase 1B  chloroplast precursor,E3_4_11_18,,,
351,VIT_05s0049g02030,479,0.2316,No hit,,,,
352,VIT_18s0001g11710,479,0.2310,Photosystem II PsbO protein,K02716,,vv10195Photosynthesis,vv50113Thylakoid_targeting_pathway
353,VIT_13s0019g04090,473,0.2288,Ubiquitin-conjugating enzyme E2 C,K06688,,vv24120Ubiquitin_mediated_proteolysis,
354,VIT_17s0000g06930,463,0.2245,Unfertilized embryo sac 10 UNE10,UNE10_3,,vv60011BHLH,
355,VIT_17s0000g02910,462,0.2239,Unknown protein,,,,
356,VIT_17s0000g05420,461,0.2229,AAA-type ATPase family,,,,
357,VIT_19s0014g01730,454,0.2190,Glutamate receptor 2.8,GLR2_8,,vv50101Channels_and_pores,
358,VIT_10s0003g02150,452,0.2189,Trehalose-phosphate synthase 1,E2_4_1_15,,vv10500Starch_and_sucrose_metabolism,
359,VIT_17s0000g04450,448,0.2174,Phospholipid-transporting ATPase,K01530,,vv50131Primary_active_transporter_cat_A2_to_A4,
360,VIT_18s0122g00010,448,0.2172,Peroxisomal membrane protein (PMP36),PMP36,,vv44146Peroxisome,vv50123Porters_cat_18_to_29
361,VIT_07s0129g00470,446,0.2171,Unknown protein,,,,
362,VIT_18s0001g01430,440,0.2144,Oxidoreductase N-terminal domain-containing,,,,
363,VIT_15s0046g02420,443,0.2144,Aquaporin TMP-C,TMPC,,vv50101Channels_and_pores,
364,VIT_05s0077g00680,442,0.2139,No hit,,,,
365,VIT_15s0046g02330,441,0.2135,Unknown protein,,,,
366,VIT_13s0106g00250,440,0.2122,Carboxylic ester hydrolase,E3_1_1_1,,,
367,VIT_00s0131g00320<br>VIT_00s0131g00130<br>VIT_00s0131g00210<br>VIT_13s0019g00600<br>VIT_00s0131g00050,438,0.2118,
368,VIT_14s0068g00860,438,0.2113,Ethylene-responsive transcription factor Leafy petiole,ERF085,VvERF070,vv30008Ethylene_signaling,vv60003AP2_EREBP
369,VIT_08s0040g01500,439,0.2110,High-affinity nitrate transporter 2.4,NRT2_4,,vv50121Porters_cat_1_to_6,
370,VIT_11s0037g00070,428,0.2068,NADP-dependent glyceraldehyde-3-phosphate dehydrogenase,E1_2_1_41,,vv10220Urea_cycle_and_metabolism_of_amino_groups,vv50101Channels_and_pores
371,VIT_04s0008g03560,421,0.2048,Lactoylglutathione lyase,E4_4_1_5,,vv10620Pyruvate_metabolism,
372,VIT_14s0006g01920,425,0.2047,No hit,,,,
373,VIT_12s0059g01590,423,0.2040,Lipase GDSL,,,,
374,VIT_12s0035g00610,417,0.2024,CYP82M1v3,,,,
375,VIT_13s0067g00450,417,0.2017,Pleckstriny (PH) domain-containing protein,,,,
376,VIT_00s0225g00140,416,0.2012,Ribose-phosphate pyrophosphokinase 3,E2_7_6_1,,vv10030Pentose_phosphate,vv10230Purine_metabolism
377,VIT_13s0019g01260,414,0.2007,Enoyl reductase,K10258,,vv11040Biosynthesis_of_unsaturated_fatty_acids,
378,VIT_11s0016g05590,414,0.2002,Axial regulator YABBY5,YABBY5,,vv60019C2C2-YABBY,
379,VIT_06s0004g06700,410,0.1981,ATP-dependent Clp protease ClpB protein,K03695,,vv50109Incompletely_characterized_transport_systems,
380,VIT_18s0001g12840,405,0.1958,ADP-glucose pyrophosphorylase large subunit CagpL2,E2_7_7_27,,vv10500Starch_and_sucrose_metabolism,
381,VIT_08s0007g08760,406,0.1956,Thioredoxin reductase,E1_8_1_9,,vv10240Pyrimidine_metabolism,
382,VIT_14s0068g00670,405,0.1953,Heavy-metal-associated domain-containing protein,,,,
383,VIT_14s0083g01000,401,0.1942,Zinc finger (C3HC4-type ring finger),ZFC3HC4_35,,vv60078Other_zf-C3HC4,
384,VIT_12s0028g00050,400,0.1941,Beta-1 3 glucanase,E3_2_1_6,,,
385,VIT_11s0052g01490,401,0.1932,Myb domain protein 36,MYB36_3,MYB151,vv60044MYB,
386,VIT_16s0098g01560,397,0.1926,Glucan endo-1 3-beta-D-glucosidase,E3_2_1_39,,vv10500Starch_and_sucrose_metabolism,
387,VIT_04s0044g01960,392,0.1907,Unknown,,,,
388,VIT_04s0008g01020,392,0.1895,Unknown protein,,,,
389,VIT_06s0004g02120,392,0.1893,Oxoglutarate/malate translocator,DIT1,,vv50124Porters_cat_30_to_64,
390,VIT_05s0020g04930,390,0.1885,RPM1 (resistance to p. syringae pv maculicola 1),K13457,,vv34626Plant-pathogen_interaction,
391,VIT_05s0020g04820,388,0.1880,H1flk,,,,
392,VIT_13s0019g01210,386,0.1861,Dirigent protein pDIR14,,,,
393,VIT_14s0066g01540,385,0.1850,Serine/threonine kinase SYMRK,,,,
394,VIT_14s0060g02160,380,0.1839,ATP-dependent Clp protease proteolytic subunit (ClpR1) (nClpP5),E3_4_21_92,,,
395,VIT_01s0010g02340,375,0.1815,Anthranilate N-benzoyltransferase,E2_3_1_144,,vv10400Phenylalanine_tyrosine_and_tryptophan_biosynthesis,
396,VIT_02s0025g03870,375,0.1810,Splicing factor 3A subunit 3,K12827,,vv23040Spliceosome,
397,VIT_04s0008g02790,369,0.1782,Short-chain dehydrogenase/reductase (SDR),,,,
398,VIT_17s0000g00040,366,0.1773,Pentatricopeptide (PPR) repeat-containing,,,,
399,VIT_17s0000g00280,364,0.1762,Magnesium-protoporphyrin O-methyltransferase,E2_1_1_11,,vv10860Porphyrin_and_chlorophyll_metabolism,
400,VIT_14s0060g01080,363,0.1749,ferroportin,FERROPORTIN,,vv50109Incompletely_characterized_transport_systems,
401,VIT_03s0091g01140,358,0.1742,Meprin and TRAF homology domain-containing protein,,,,
402,VIT_07s0005g05790,359,0.1737,VAMP726 (VESICLE-associated membrane protein),K08511,,vv24130SNARE_interactions_in_vesicular_transport,vv50101Channels_and_pores
403,VIT_17s0000g02230,357,0.1724,Jasmonate ZIM domain-containing protein 3,JAZ3_2,,vv30011Jasmonate_signaling,vv34626Plant-pathogen_interaction
404,VIT_04s0023g00770,353,0.1704,Unknown protein,,,,
405,VIT_06s0004g07460,350,0.1686,Unknown protein,,,,
406,VIT_06s0004g06350,341,0.1639,Pleckstriny (PH) domain-containing protein,,,,
407,VIT_07s0005g01070,335,0.1626,No hit,,,,
408,VIT_01s0011g03600,334,0.1610,JAGGED,JAGGED,,vv60017C2H2,
409,VIT_19s0014g01190,333,0.1609,Alpha-1 3-mannosyltransferase ALG2,K03843,,vv10510N-Glycan_biosynthesis,vv11030Glycan_structures-biosynthesis1
410,VIT_18s0089g00450,334,0.1607,R protein L6,K13477,,vv34627R_proteins_from_Plant-pathogen_interaction,
411,VIT_05s0029g01490,332,0.1606,Ankyrin repeat,K10380,,vv50108Accessory_factors_involved_in_transport,
412,VIT_01s0010g00530,329,0.1587,UDP-glucoronosyl and UDP-glucosyl transferase,,,,
413,VIT_04s0008g02610,327,0.1586,FPF1 (flowering promoting factor 1),FPF1,,vv30009Flower_development,
414,VIT_16s0022g02330,330,0.1584,MADS-box agamous-like 6,AGL6_2,,vv60042MADS,
415,VIT_08s0007g03410,329,0.1582,F-box domain containing protein,,,,
416,VIT_08s0007g08290,326,0.1579,GTP-binding protein TypA/BipA,K06207,,,
417,VIT_03s0038g03510,324,0.1574,Auxin-induced SAUR,SAUR,,vv30003Auxin_signaling,
418,VIT_18s0041g00240,326,0.1568,R protein L6,K13477,,vv34627R_proteins_from_Plant-pathogen_interaction,
419,VIT_14s0066g02410,320,0.1553,Betaine-aldehyde dehydrogenase,E1_2_1_8,,vv10260Glycine_serine_and_threonine_metabolism,vv50101Channels_and_pores
420,VIT_17s0000g01360,316,0.1534,Unknown protein,,,,
421,VIT_05s0077g00060,315,0.1522,D1 protease,,,,
422,VIT_15s0048g01050,309,0.1494,Unknown,,,,
423,VIT_09s0002g00530,307,0.1482,Lipase GDSL 2,,,,
424,VIT_00s1205g00020,302,0.1464,Trehalose-phosphate synthase 1,E2_4_1_15,,vv10500Starch_and_sucrose_metabolism,
425,VIT_03s0017g01950,302,0.1456,Pectinesterase family,E3_1_1_11,,vv40006Cell_wall,
426,VIT_08s0056g00870,300,0.1442,MATE efflux family protein,MATE,,vv50125Porters_cat_66_to_94,
427,VIT_06s0004g00260,292,0.1418,Shoot1 protein,,,,
428,VIT_04s0044g01150,293,0.1416,Aminotransferase  class V,,,,
429,VIT_05s0051g00780,292,0.1413,Glutamate receptor protein,GLR2_7,,vv50101Channels_and_pores,
430,VIT_16s0039g02300,287,0.1395,EIX receptor 2,,,,
431,VIT_07s0005g06410,285,0.1383,High-affinity K+ transporter 1 (HKT1),HKT1,,vv50124Porters_cat_30_to_64,
432,VIT_14s0030g01340,285,0.1381,Beta-ketoacyl-CoA synthase,E2_3_1_41,,vv10061Fatty_acid_biosynthesis,
433,VIT_05s0029g00860,279,0.1347,Unknown protein,,,,
434,VIT_08s0007g01370,273,0.1325,Protease inhibitor/seed storage/lipid transfer protein (LTP),,,,
435,VIT_16s0022g00840,271,0.1312,Invertase/pectin methylesterase inhibitor,PMEI,,vv40006Cell_wall,
436,VIT_15s0024g00390,272,0.1310,Ribosomal protein L3,K02906,,vv23010Ribosome,
437,VIT_15s0046g03720,270,0.1305,Unknown,,,,
438,VIT_13s0067g01580,265,0.1288,Anthocyaninless2 (ANL2),ANL2_4,,vv60034HB,
439,VIT_08s0007g02950,263,0.1283,Unknown protein,,,,
440,VIT_13s0019g00990,265,0.1283,Zinc finger (C3HC4-type ring finger),ZFC3HC4_232,,vv60078Other_zf-C3HC4,
441,VIT_17s0000g05620,264,0.1280,Integral membrane HPP family protein,,,,
442,VIT_14s0066g01520,264,0.1275,UDP-glucoronosyl and UDP-glucosyl transferase,,,,
443,VIT_17s0000g08000,262,0.1268,Ribonuclease III,E3_1_26_3,,,
444,VIT_02s0012g02830,260,0.1258,UDP-glucosyl transferase,E2_4_1_81,,vv10941Flavonoid_biosynthesis,
445,VIT_05s0124g00650,254,0.1230,Excess microsporocytes1 EMS1,,,,
446,VIT_00s0291g00030,253,0.1227,Enhancer of shoot regeneration 1 ESR1,ESR1_1,VvERF067,vv30008Ethylene_signaling,vv60003AP2_EREBP
447,VIT_14s0068g01880,250,0.1205,No hit,,,,
448,VIT_05s0020g04670,242,0.1174,No hit,,,,
449,VIT_14s0006g00740,242,0.1170,No hit,,,,
450,VIT_17s0000g06940,241,0.1166,LAP4 protein,,,,
451,VIT_12s0055g00400,241,0.1159,Unknown,,,,
452,VIT_14s0060g00900,236,0.1141,Unknown protein,,,,
453,VIT_14s0060g01970,235,0.1133,F-box domain containing protein,,,,
454,VIT_00s1889g00010,231,0.1120,Ribosomal protein L27A (RPL27aC) 60S,K02900,,vv23010Ribosome,
455,VIT_06s0061g00110,230,0.1111,No hit,,,,
456,VIT_06s0004g04100,228,0.1106,ABC transporter B member 20,ABCB20,,vv52010ABC_transporters,
457,VIT_16s0022g00870,224,0.1086,Invertase/pectin methylesterase inhibitor,PMEI,,vv40006Cell_wall,
458,VIT_04s0008g02670,221,0.1074,Cryptochrome DASH,CRYDASH,,vv34710Circadian_rhythm,
459,VIT_10s0071g01140,223,0.1074,Unknown protein,,,,
460,VIT_05s0062g00830,221,0.1071,Ribosomal protein S1,K02945,,vv23010Ribosome,
461,VIT_12s0142g00760,220,0.1068,Leucine-rich repeat protein kinase,,,,
462,VIT_00s0181g00070,219,0.1060,ARV2,,,,
463,VIT_05s0062g00300<br>VIT_05s0062g00270,220,0.1059,
464,VIT_08s0007g01090,218,0.1055,DC1 domain-containing protein,,,,
465,VIT_04s0008g01830,219,0.1053,Myb domain protein 32,MYB32,MYBPA10,vv60044MYB,
466,VIT_15s0021g00990,217,0.1044,LOL3 (LSD ONE like 3),LOL3,,,
467,VIT_19s0014g03650,216,0.1044,No hit,,,,
468,VIT_07s0005g06090,215,0.1036,Pore-forming toxin-like protein Hfr-2,HFR2,,vv50101Channels_and_pores,
469,VIT_03s0038g02770,214,0.1033,Programmed cell death 6,,,,
470,VIT_13s0084g00270,213,0.1030,Unknown protein,,,,
471,VIT_18s0001g08110,212,0.1025,Glutamyl-tRNA reductase  chloroplast precursor,E1_2_1_70,,vv10860Porphyrin_and_chlorophyll_metabolism,
472,VIT_12s0057g01380,211,0.1025,Tetraspanning membrane protein  SFT2,SFT2,,vv50109Incompletely_characterized_transport_systems,
473,VIT_08s0007g05510,211,0.1014,Unknown protein,,,,
474,VIT_09s0002g00210,209,0.1012,Endonuclease,E3_1_30_x,,,
475,VIT_16s0050g00090,208,0.1006,Cytochrome B561,K08360,,vv50105Transport_electron_carriers,
476,VIT_00s0245g00050,207,0.1004,Oleoyl-acyl carrier protein thioesterase  chloroplast precursor,E3_1_2_14,,vv10061Fatty_acid_biosynthesis,
477,VIT_08s0007g05360,204,0.0982,Strictosidine synthase,E4_3_3_2,,vv10900Terpenoid_biosynthesis,vv10902Monoterpenoid_biosynthesis
478,VIT_18s0001g13660,201,0.0975,EMB2757/TAN (embryo defective 2757),TANMEI,,,
479,VIT_06s0061g00260,201,0.0970,ABC transporter G member 7,ABCG7,,vv52010ABC_transporters,
480,VIT_13s0074g00390,199,0.0960,CYP77A2,,,,
481,VIT_08s0007g05260,195,0.0945,Glutamate synthase (GLU1)  ferredoxin-dependent,E1_4_7_1,,vv10910Nitrogen_metabolism,
482,VIT_17s0000g02460,194,0.0938,Wuschel related homeobox 1,WOX1_2,VvHB57,vv60034HB,
483,VIT_08s0058g00850,193,0.0935,Gag-pol polyprotein,,,,
484,VIT_11s0103g00760,192,0.0933,CIA2 (chloroplast import apparatus 2),CIA2,,vv60070Orphans_CCT,
485,VIT_12s0028g00320,193,0.0933,LHB1B1,K08912,,vv10196Photosynthesis_antenna_proteins,vv50105Transport_electron_carriers
486,VIT_09s0002g09020,193,0.0931,No hit,,,,
487,VIT_00s0181g00200<br>VIT_00s0181g00180,190,0.0919,
488,VIT_09s0002g05200,189,0.0913,Phosphoribulokinase/uridine kinase,E2_7_1_48,,vv10240Pyrimidine_metabolism,
489,VIT_12s0059g00590,186,0.0908,Allergenic protein Pt2L4,,,,
490,VIT_13s0064g00900,187,0.0903,Unknown protein,,,,
491,VIT_09s0002g04170,185,0.0896,Acyl-CoA synthetases (Acyl-activating enzyme 13),E6_2_1_3,,vv10071Fatty_acid_metabolism,vv50104Group_translocators
492,VIT_15s0021g01850,185,0.0896,Peptidyl-prolyl cis-trans isomerase FKBP-type FKB20-2,K01802,,,
493,VIT_07s0104g00800,184,0.0888,Indole-3-acetic acid-amido synthetase GH3.6,AUXINBIOSYNTHESIS_GH3,,vv11002Auxin_biosynthesis,
494,VIT_08s0040g00830,183,0.0880,Proton-dependent oligopeptide transport (POT) family protein,POT,,vv50122Porters_cat_7_to_17,
495,VIT_19s0014g00400,180,0.0869,Ribosomal protein L13,K02871,,vv23010Ribosome,
496,VIT_10s0042g00580,178,0.0864,Zinc finger (C3HC4-type ring finger),ZFC3HC4_199,,vv60078Other_zf-C3HC4,
497,VIT_18s0001g14390,178,0.0863,Transducin protein,,,,
498,VIT_02s0025g04410,177,0.0854,Beta-ketoacyl-CoA synthase,E2_3_1_41,,vv10061Fatty_acid_biosynthesis,
499,VIT_01s0011g04970,176,0.0850,SEC12-like protein 2 STL2P,K14003,,vv24141Protein_processing_in_endoplasmic_reticulum,vv50110Protein_coat
500,VIT_19s0014g04850,171,0.0825,Germacrene-D synthase,E4_2_3_22,,vv10900Terpenoid_biosynthesis,
501,VIT_08s0058g00370,170,0.0825,Unknown protein,,,,
502,VIT_02s0025g04620,168,0.0814,Phospholipase D beta 1,PLDB1,,vv10564Glycerophospholipid_metabolism,vv10565Ether_lipid_metabolism
503,VIT_15s0048g02720,168,0.0810,fatty acid elongase,E2_3_1_41,,vv10061Fatty_acid_biosynthesis,
504,VIT_04s0023g00720,168,0.0810,Unknown protein,,,,
505,VIT_16s0050g01650,166,0.0808,Unknown,,,,
506,VIT_00s0479g00020,167,0.0803,Basic helix-loop-helix (bHLH) family,BHLHDOM_21,,vv60011BHLH,
507,VIT_13s0073g00390,166,0.0803,No hit,,,,
508,VIT_12s0035g00110,165,0.0793,Leucine Rich Repeat receptor-like kinase,,,,
509,VIT_09s0018g00290,162,0.0783,Unknown protein,,,,
510,VIT_10s0003g01280,159,0.0771,Ribulose bisphosphate carboxylase  large chain,E4_1_1_39,,vv10710Carbon_fixation,
511,VIT_10s0003g03530,158,0.0765,Lupeol synthase,E5_4_99_8,,vv10100Biosynthesis_of_steroids,
512,VIT_09s0002g03030,157,0.0763,FRK1 (FLG22-induced receptor-like kinase 1),FRK1,,vv34626Plant-pathogen_interaction,
513,VIT_08s0040g00720,151,0.0733,Snf1 protein kinase (KIN10) (SKIN10),K08800,,,
514,VIT_18s0072g01000,151,0.0731,Dihydrolipoamide S-acetyltransferase,E2_3_1_12,,vv10010Glycolysis,vv10252Alanine_and_aspartate_metabolism
515,VIT_00s0477g00030,150,0.0727,MATE efflux family protein ripening responsive,MATE,,vv50125Porters_cat_66_to_94,
516,VIT_14s0030g00040,150,0.0727,Disease resistance protein (CC-NBS-LRR class),,,,
517,VIT_10s0092g00260,149,0.0723,Alpha-glucosidase 1 (AGLU1),E3_2_1_20,,vv10052Galactose_metabolism,vv10500Starch_and_sucrose_metabolism
518,VIT_14s0030g02190,148,0.0719,FtsH protease,K03798,,vv50133Primary_active_transporter_cat_A9_to_A18,
519,VIT_12s0028g00130,148,0.0714,KCO6 (Ca2+ activated outward rectifying K+ channel 6),K05389_KCO6,,vv50101Channels_and_pores,
520,VIT_13s0047g01220,147,0.0711,Ankyrin repeat,K10380,,vv50108Accessory_factors_involved_in_transport,
521,VIT_12s0028g03590,145,0.0705,Unknown protein,,,,
522,VIT_12s0028g01100,144,0.0698,Aldo/keto reductase,E1_1_1_21,,vv10040Pentose_glucuronate_interconversion,vv10051Fructose_and_mannose_metabolism
523,VIT_05s0020g01670,144,0.0692,GTP1/OBG,K03979,,,
524,VIT_19s0090g00950,143,0.0690,Glycosyltransferase,,,,
525,VIT_11s0016g04270,143,0.0689,Hydrolase  alpha/beta fold,,,,
526,VIT_13s0064g00170,142,0.0689,Ribosomal protein L1,K02863,,vv23010Ribosome,
527,VIT_02s0033g01060,142,0.0686,Anthraniloyal-CoA: methanol anthraniloyal transferase,AMAT,,vv10400Phenylalanine_tyrosine_and_tryptophan_biosynthesis,
528,VIT_04s0044g01370,142,0.0686,SCL1 (scarecrow-like 1),SCL1_1,,vv60032GRAS,
529,VIT_08s0056g01270,139,0.0673,EGY1 (Ethylene-dependent gravitropism-deficient and yellow-green 1),EGY1,,vv30008Ethylene_signaling,
530,VIT_12s0028g03040,137,0.0664,Unknown protein,,,,
531,VIT_18s0001g14270,136,0.0661,Gibberellin-regulated protein 1 (GASA1),GASA1,,vv30010Gibberellin_signaling,
532,VIT_04s0023g01970,136,0.0656,Aldose 1-epimerase,E5_1_3_3,,vv10010Glycolysis,
533,VIT_18s0001g07280,135,0.0655,Glucose-6-phosphate isomerase,E5_3_1_9,,vv10010Glycolysis,vv10030Pentose_phosphate
534,VIT_03s0038g03340,134,0.0649,Unknown protein,,,,
535,VIT_19s0027g01560,134,0.0647,No hit,,,,
536,VIT_01s0127g00340,134,0.0646,Unknown,,,,
537,VIT_14s0081g00350,133,0.0644,Ankyrin repeat,K10380,,,
538,VIT_03s0038g03450,132,0.0642,Auxin-induced SAUR,SAUR,,vv30003Auxin_signaling,
539,VIT_05s0049g01930,133,0.0640,RNA-binding protein cp29,CP29,,vv50133Primary_active_transporter_cat_A9_to_A18,
540,VIT_07s0031g01560,131,0.0635,Unknown protein,,,,
541,VIT_12s0059g01000,130,0.0632,Cellulose synthase CSLB04,E2_4_1_12_CSLB04,,vv40006Cell_wall,
542,VIT_08s0007g02740,130,0.0626,IAA-amino acid hydrolase 1 (ILR1),K01463,,vv11002Auxin_biosynthesis,
543,VIT_15s0046g02250,129,0.0626,Angustifolia,,,,
544,VIT_03s0017g02330,128,0.0617,Coproporphyrinogen III oxidase  chloroplast precursor,E1_3_3_3,,vv10860Porphyrin_and_chlorophyll_metabolism,
545,VIT_10s0092g00690,127,0.0614,Cysteine-rich receptor-like protein kinase 8,,,,
546,VIT_08s0007g03800,127,0.0614,Unknown protein,,,,
547,VIT_18s0001g14800,126,0.0612,Lipase 3 (EXL3) family II extracellular,,,,
548,VIT_04s0008g07400,126,0.0611,NAD dependent epimerase/dehydratase,E5_1_3_x,,,
549,VIT_08s0058g01270,125,0.0605,Zinc finger (C3HC4-type ring finger),ZFC3HC4_94,,vv60078Other_zf-C3HC4,
550,VIT_12s0057g00980,125,0.0605,Phytochrome defective C (PHYC),PHYC,,vv34710Circadian_rhythm,
551,VIT_17s0000g03330,125,0.0604,Receptor serine/threonine kinase PR5K,,,,
552,VIT_08s0007g01270,121,0.0587,Dynein light chain LC6  flagellar outer arm,K10418,,vv44810Regulation_of_actin_cytoskeleton,
553,VIT_11s0037g01110,121,0.0586,Unknown protein,,,,
554,VIT_13s0067g02450,121,0.0585,Uroporphyrinogen decarboxylase,E4_1_1_37,,vv10860Porphyrin_and_chlorophyll_metabolism,
555,VIT_06s0004g06910,120,0.0579,Unknown protein,,,,
556,VIT_14s0081g00730,119,0.0577,Ethylene response factor ERF1,ERF1_6,VvERF093,vv30008Ethylene_signaling,vv30011Jasmonate_signaling
557,VIT_15s0048g00550,118,0.0571,Abnormal floral organs,AFO_2,,vv60019C2C2-YABBY,
558,VIT_18s0001g15600,117,0.0568,Vacuolar protein sorting 45,VPS45,,vv24130SNARE_interactions_in_vesicular_transport,
559,VIT_09s0002g02780,116,0.0561,FRK1 (FLG22-induced receptor-like kinase 1),FRK1,,vv34626Plant-pathogen_interaction,
560,VIT_19s0014g03710,116,0.0560,Dynein light chain LC8-type,K10418,,vv44810Regulation_of_actin_cytoskeleton,
561,VIT_08s0007g05890,116,0.0560,GTP binding,,,,
562,VIT_19s0090g01210,116,0.0560,Trigger factor type chaperone,,,,
563,VIT_09s0018g01270,115,0.0557,Ribulose bisphosphate carboxylase/oxygenase activase 2,,,,
564,VIT_04s0023g02260,114,0.0550,S-adenosyl-L-methionine:salicylic acid carboxyl methyltransferase,SAMTBSCMT,,vv10360Phenylalanine_metabolism,
565,VIT_10s0003g02500,114,0.0546,Malate dehydrogenase  cytoplasmic 1,E1_1_1_37,,vv10020Citrate_cycle,vv10620Pyruvate_metabolism
566,VIT_18s0166g00080,112,0.0545,ABC transporter G member 4,K05680,,vv52010ABC_transporters,
567,VIT_18s0001g06480,112,0.0543,Aquaporin PIP PIP1;4,PIP1_4,,vv50101Channels_and_pores,
568,VIT_16s0050g02420,112,0.0542,Myosin heavy chain,K10352,,vv44810Regulation_of_actin_cytoskeleton,
569,VIT_05s0049g01470,112,0.0539,Unknown protein,,,,
570,VIT_01s0011g01070,111,0.0538,No hit,,,,
571,VIT_17s0000g06280,111,0.0535,Geranylgeranyl reductase,CHLP,,vv10100Biosynthesis_of_steroids,
572,VIT_02s0087g00630,110,0.0533,Alcohol oxidase,E1_1_3_13,,vv10680Methane_metabolism,
573,VIT_05s0102g00880,108,0.0526,Strictosidine synthase,E4_3_3_2,,vv10900Terpenoid_biosynthesis,vv10902Monoterpenoid_biosynthesis
574,VIT_07s0129g00580,108,0.0521,Snakin-1,SNAKIN,,vv30010Gibberellin_signaling,
575,VIT_13s0074g00660,107,0.0518,ABC transporter G member 22,ABCG22,,vv52010ABC_transporters,
576,VIT_10s0003g04950,107,0.0516,Esterase/lipase/thioesterase,,,,
577,VIT_08s0105g00490,106,0.0516,Glutaredoxin-related protein;,,,,
578,VIT_13s0064g00480,105,0.0508,Beta-primeverosidase,E3_2_1_149,,vv11000Single_reactions,
579,VIT_08s0007g02610,105,0.0506,TLD domain-containing protein KIAA1609,,,,
580,VIT_14s0030g00960,104,0.0501,R protein MLA10,K13475,,vv34627R_proteins_from_Plant-pathogen_interaction,
581,VIT_00s0532g00050,104,0.0500,Basic helix-loop-helix ILR3,ILR3_4,,vv11002Auxin_biosynthesis,vv60011BHLH
582,VIT_11s0118g00620,103,0.0497,Methyltransferase type 11,,,,
583,VIT_18s0157g00210,101,0.0490,Inositol-1 4 5-trisphosphate 5-Phosphatase,E3_1_3_56,,vv10562Inositol_phosphate_metabolism,vv34070Phosphatidylinositol_signaling_system
584,VIT_15s0046g01690,101,0.0488,Chitinase  class III,E3_2_1_14,,vv10530Aminosugars_metabolism,
585,VIT_14s0108g00250,100,0.0483,Unknown,,,,
586,VIT_10s0116g00950,98,0.0478,CbbY protein haloacid dehalogenase,E3_1_3_18,,vv10630Glyoxylate_and_dicarboxylate_metabolism,
587,VIT_00s0125g00010,96,0.0464,No hit,,,,
588,VIT_00s0204g00220,95,0.0459,ATP-dependent Clp protease proteolytic subunit (ClpP4),E3_4_21_92,,,
589,VIT_18s0086g00220,95,0.0457,Lipase GDSL,,,,
590,VIT_01s0026g02370<br>VIT_01s0026g02390,93,0.0448,
591,VIT_08s0040g01590,92,0.0446,OTU-like cysteine protease Ovarian tumour  otubain,,,,
592,VIT_06s0009g01210,92,0.0443,Leucine-rich repeat protein kinase,,,,
593,VIT_04s0008g03840,91,0.0437,Ankyrin repeat,K10380,,vv50108Accessory_factors_involved_in_transport,
594,VIT_07s0031g01910,88,0.0427,Unknown protein,,,,
595,VIT_11s0052g00410,88,0.0425,Allyl alcohol dehydrogenase,,,,
596,VIT_04s0069g00560,85,0.0412,Glutamate receptor 2.8,GLR2_8,,vv50101Channels_and_pores,
597,VIT_07s0005g02270,85,0.0411,Pto kinase interactor 1,K13436,,vv34626Plant-pathogen_interaction,
598,VIT_13s0067g01440,85,0.0410,Pentatricopeptide (PPR) repeat-containing protein,,,,
599,VIT_07s0141g00620,85,0.0410,Bile acid:sodium symporter,K03453,,vv50123Porters_cat_18_to_29,
600,VIT_10s0116g00970,83,0.0401,Leucyl tRNA synthetase,E6_1_1_4,,vv10290Valine_leucine_and_isoleucine_biosynthesis,vv20970Aminoacyl-tRNA_biosynthesis
601,VIT_06s0004g02900,82,0.0397,Hydroxymethylbutenyl 4-diphosphate synthase,E1_17_4_3,,vv10100Biosynthesis_of_steroids,
602,VIT_16s0022g00830,82,0.0395,Pectin methylesterase inhibitor,PMEI,,vv40006Cell_wall,
603,VIT_04s0008g00840,79,0.0381,Ser/Thr specific protein phosphatase 2A B regulatory subunit beta isoform,K04354,,vv23015mRNA_surveillance_pathway,vv34020Calcium_signaling_pathway
604,VIT_12s0059g00980,78,0.0376,Cellulose synthase CSLB04,E2_4_1_12_CSLB04,,vv40006Cell_wall,
605,VIT_05s0020g04680,77,0.0374,Auxin-induced protein 22D,IAA22D_2,,vv30003Auxin_signaling,vv60008AUXIAA
606,VIT_01s0137g00200,77,0.0369,Unknown protein,,,,
607,VIT_11s0016g02210,74,0.0359,GATA transcription factor 24,GAT24,,vv60016C2C2-GATA,
608,VIT_08s0007g03230,73,0.0355,Unknown protein,,,,
609,VIT_09s0002g01140,73,0.0354,Tetratricopeptide helical,,,,
610,VIT_05s0124g00300,73,0.0352,Male sterility 2,,,,
611,VIT_18s0001g01250,72,0.0348,Senescence-inducible chloroplast stay-green protein 2,,,,
612,VIT_18s0001g00030,72,0.0346,CYP87A2,,,,
613,VIT_19s0014g05360,71,0.0344,Replication protein A 70 kDa DNA-binding subunit,K07466,,vv23030DNA_replication,vv23420Nucleotide_excision_repair
614,VIT_08s0007g09000,71,0.0341,Glycerol-3-phosphate dehydrogenase,E1_1_1_8,,vv10564Glycerophospholipid_metabolism,
615,VIT_11s0037g01080,69,0.0333,Metal-dependent phosphohydrolase HD domain-containing protein,K07023,,,
616,VIT_08s0058g01260,68,0.0329,No hit,,,,
617,VIT_14s0128g00450,67,0.0323,Kinesin motor protein,KMOTOR,,vv44810Regulation_of_actin_cytoskeleton,
618,VIT_05s0029g01410,65,0.0315,No hit,,,,
619,VIT_10s0116g01140,64,0.0310,Stigma-specific Stig1,,,,
620,VIT_18s0001g13250,64,0.0308,Thioredoxin H-type 1,,,,
621,VIT_09s0002g03000,64,0.0308,Leucine-rich repeat protein kinase,,,,
622,VIT_03s0063g00110,63,0.0303,Cyclin delta-3,CYCD3,,vv30007Cytokinin_signaling,vv44110Cell_cycle
623,VIT_11s0052g01730,62,0.0300,1-deoxy-D-xylulose-5-phosphate synthase,E2_2_1_7,,vv10100Biosynthesis_of_steroids,
624,VIT_05s0077g00740,61,0.0297,Prefoldin subunit 3,,,,
625,VIT_06s0004g03460,61,0.0294,Transducin protein,,,,
626,VIT_05s0029g01540,60,0.0290,Ankyrin repeat,K10380,,vv50108Accessory_factors_involved_in_transport,
627,VIT_07s0129g01040,59,0.0286,Copper-exporting ATPase HMA1 (Heavy metal ATPase 1),HMA1,,vv50131Primary_active_transporter_cat_A2_to_A4,
628,VIT_03s0063g00040,58,0.0279,Abscisic acid-specific glucosyltransferase,AOG,,vv10906Carotenoid_biosynthesis,vv11013ABA_biosynthesis
629,VIT_05s0020g03040,56,0.0272,Unknown,,,,
630,VIT_00s0484g00030,56,0.0271,ARK3 (Arabidopsis Receptor Kinase 3),,,,
631,VIT_19s0090g01550,56,0.0270,Mo25,K08272,,vv34150mTOR_signaling_pathway,
632,VIT_07s0191g00050,55,0.0266,Peroxidase 17,E1_11_1_7,,vv10360Phenylalanine_metabolism,vv10680Methane_metabolism
633,VIT_00s0266g00070,55,0.0264,Linalool synthase,E4_2_3_26,,vv10900Terpenoid_biosynthesis,
634,VIT_14s0060g00990,54,0.0262,Unknown,,,,
635,VIT_12s0059g00270,54,0.0262,NADPH-protochlorophyllide oxidoreductase,E1_3_1_33,,vv10860Porphyrin_and_chlorophyll_metabolism,
636,VIT_18s0122g01050,53,0.0257,Pentatricopeptide (PPR) repeat,,,,
637,VIT_00s0768g00010,53,0.0255,Unknown protein,,,,
638,VIT_12s0055g00780,52,0.0251,VPS20.2 SNF7,VPS20_2,,vv50111Tethering_factors,
639,VIT_05s0077g01740,52,0.0251,Polygalacturonase GH28,E3_2_1_15,,vv40006Cell_wall,
640,VIT_19s0015g01210,51,0.0248,KH domain-containing protein,,,,
641,VIT_07s0005g06620,51,0.0248,Unknown protein,,,,
642,VIT_08s0007g06080,50,0.0242,Beta 1-3 glucanase [Vitis vinifera],E3_2_1_6,,,
643,VIT_15s0048g00790,50,0.0242,TCH2 (touch 2),K13448_TCH2,,vv34626Plant-pathogen_interaction,
644,VIT_06s0004g06550,50,0.0240,DDB2 (damaged DNA-binding 2),K10140,,vv23420Nucleotide_excision_repair,vv24120Ubiquitin_mediated_proteolysis
645,VIT_06s0004g02200,49,0.0238,Unknown protein,,,,
646,VIT_04s0008g06280,49,0.0237,Calcium-binding EF hand,,,,
647,VIT_02s0087g00470,49,0.0237,Anthraniloyal-CoA: methanol anthraniloyal transferase,AMAT,,vv10400Phenylalanine_tyrosine_and_tryptophan_biosynthesis,
648,VIT_00s0211g00160<br>VIT_00s0211g00120<br>VIT_00s0211g00100,49,0.0237,
649,VIT_04s0023g01770,48,0.0233,Adaptor-related protein complex 3  sigma 2 sub,AP3S2,,vv50110Protein_coat,
650,VIT_01s0011g02150,48,0.0232,Photosystem II stability/assembly factor  chloroplast (HCF136),,,,
651,VIT_15s0048g01480,48,0.0231,Geraniol 10-hydroxylase,G10H,,vv10902Monoterpenoid_biosynthesis,
652,VIT_12s0034g01530,48,0.0231,No hit,,,,
653,VIT_08s0032g00310,48,0.0231,Ubiquitin-conjugating enzyme E2 A,K10573,,vv24120Ubiquitin_mediated_proteolysis,
654,VIT_01s0026g01490,47,0.0227,Proton-dependent oligopeptide transport (POT) family protein,POT,,vv50122Porters_cat_7_to_17,
655,VIT_11s0016g03280,47,0.0227,Protein phosphatases PP1 regulatory subunit SDS22,E3_1_3_16,,,
656,VIT_04s0008g04300,47,0.0227,DnaJ homolog  subfamily B  member 4,K09510,,vv50132Primary_active_transporter_cat_A5_to_A8,
657,VIT_14s0060g02730,46,0.0223,Germin,,,,
658,VIT_04s0008g01700,46,0.0223,Unknown protein,,,,
659,VIT_14s0083g00070,46,0.0222,Acclimation of photosynthesis to environment,,,,
660,VIT_13s0067g03890,46,0.0222,Beta-ketoacyl-CoA synthase,E2_3_1_41,,vv10061Fatty_acid_biosynthesis,
661,VIT_07s0031g03030,45,0.0218,Calmodulin-binding protein,,,,
662,VIT_14s0030g01740,45,0.0217,Zeta-carotene desaturase ZDS1,E1_14_99_30,,vv10906Carotenoid_biosynthesis,
663,VIT_09s0054g01770,44,0.0213,Oxidoreductase/ transcriptional repressor,,,,
664,VIT_14s0068g00690,44,0.0212,OTU cysteine protease,,,,
665,VIT_07s0141g00550,44,0.0212,No hit,,,,
666,VIT_12s0028g03780,44,0.0211,Riboflavin synthase alpha chain,E2_5_1_9,,vv10740Riboflavin_metabolism,
667,VIT_05s0077g00380,42,0.0204,No hit,,,,
668,VIT_01s0127g00920,42,0.0204,ADP-ribosylation factor A1B,ARFA1B,,vv50110Protein_coat,
669,VIT_18s0001g13260,42,0.0204,ATP-dependent protease La (LON) domain-containing protein,E3_4_21_53,,,
670,VIT_08s0007g08050,42,0.0203,Carboxyl-terminal processing protease,,,,
671,VIT_18s0001g15720,42,0.0203,Leucine Rich Repeat receptor-like kinase,,,,
672,VIT_06s0004g06540,40,0.0193,Undecaprenyl pyrophosphate synthetase,E2_5_1_31,,vv10900Terpenoid_biosynthesis,
673,VIT_06s0004g07120,39,0.0188,Gamma interferon responsive lysosomal thiol reductase family protein,,,,
674,VIT_18s0089g01330,39,0.0188,Epsin N-terminal,,,,
675,VIT_02s0025g03970,38,0.0183,Small subunit ribosomal protein S1,K02945,,vv23010Ribosome,
676,VIT_12s0055g01190,38,0.0183,Alpha-L-arabinosidase,E3_2_1_55,,vv10520Nucleotide_sugars_metabolism,
677,VIT_03s0038g00500<br>VIT_03s0038g00550,38,0.0183,
678,VIT_01s0011g06400,38,0.0183,Indeterminate(ID)-domain 16,IDD16_1,,vv60017C2H2,
679,VIT_01s0026g01070,37,0.0179,Unknown protein,,,,
680,VIT_13s0064g01090,36,0.0175,Zinc finger (CCCH-type) family protein,CCCHFAM_34,,vv60018C3H,
681,VIT_16s0039g00750<br>VIT_00s1209g00010<br>VIT_16s0039g00420,36,0.0175,
682,VIT_19s0014g04050,36,0.0174,S-locus lectin protein kinase,,,,
683,VIT_00s0332g00150,35,0.0170,No hit,,,,
684,VIT_09s0002g01310,35,0.0170,Unknown protein,,,,
685,VIT_09s0002g05350,35,0.0170,2-oxoglutarate-dependent dioxygenase,,,,
686,VIT_05s0020g02680,35,0.0169,Zinc finger (C3HC4-type ring finger),ZFC3HC4_220,,vv60078Other_zf-C3HC4,
687,VIT_09s0096g00880<br>VIT_00s0606g00010,35,0.0169,
688,VIT_07s0005g03440,34,0.0163,Structural maintenance of chromosomes (SMC1),K06636,,vv44110Cell_cycle,
689,VIT_12s0057g01230,33,0.0160,No hit,,,,
690,VIT_03s0038g03760,33,0.0160,Auxin-induced SAUR,SAUR,,vv30003Auxin_signaling,
691,VIT_03s0091g00550,33,0.0160,Unknown protein,,,,
692,VIT_03s0063g00560,33,0.0159,Fw2.2 ORFX,,,,
693,VIT_08s0058g01210,32,0.0154,Non-specific lipid transfer protein LTP1,LTP1,,,
694,VIT_10s0092g00770,32,0.0154,Cytochrome c biogenesis orf256,K02195,,vv52010ABC_transporters,
695,VIT_12s0059g01150,31,0.0151,Dehydrogenase,,,,
696,VIT_10s0003g01240,31,0.0150,14-3-3 protein GF14 iota (GRF12),,,,
697,VIT_14s0108g00340,31,0.0150,Leucine Rich Repeat receptor-like kinase,,,,
698,VIT_10s0116g01710,31,0.0150,Galactosyltransferase family protein,E2_4_x_x,,,
699,VIT_09s0002g00670,30,0.0145,Auxin responsive SAUR protein,SAUR,,vv30003Auxin_signaling,
700,VIT_05s0049g00740,30,0.0145,No hit,,,,
701,VIT_18s0001g12680,29,0.0141,Unknown protein,,,,
702,VIT_07s0005g03020,29,0.0141,Lateral organ boundaries protein 29,LBD29,,vv60007AS2,
703,VIT_01s0026g01680,29,0.0141,Pectate lyase,E4_2_2_2,,vv40006Cell_wall,
704,VIT_05s0049g02070,29,0.0141,Calcium-binding protein,,,,
705,VIT_05s0094g01120,29,0.0141,NADP-dependent oxidoreductase,E1_6_5_5,,,
706,VIT_18s0001g12000,29,0.0141,Geranylgeranyl pyrophosphate synthetase 1  chloroplast precursor,E2_5_1_29,,vv10100Biosynthesis_of_steroids,vv10900Terpenoid_biosynthesis
707,VIT_18s0041g00430,29,0.0139,Patellin-1,,,,
708,VIT_15s0048g02060,28,0.0135,Hydrolase  alpha/beta fold,,,,
709,VIT_12s0028g02370,27,0.0131,Methyltransferase type 11,,,,
710,VIT_13s0019g04130,27,0.0130,AarF domain containing kinase,K08869,,,
711,VIT_18s0001g04140,27,0.0129,Vacuolar protein sorting 9 (VPS9),VPS9A,,vv50110Protein_coat,
712,VIT_11s0016g01760,26,0.0126,Cleavage and polyadenylation specificity factor 5,K14397,,vv23015mRNA_surveillance_pathway,
713,VIT_18s0122g01080,26,0.0126,Calcium ion binding protein,,,,
714,VIT_18s0001g12850,26,0.0126,Ribosomal protein L31,K02909,,vv23010Ribosome,
715,VIT_10s0116g01440,26,0.0126,F-box-like,,,,
716,VIT_05s0077g00980,25,0.0121,Unknown,,,,
717,VIT_18s0001g13080,25,0.0121,Unknown protein,,,,
718,VIT_06s0004g01520,25,0.0121,Pentatricopeptide (PPR) repeat-containing,,,,
719,VIT_18s0001g02140,24,0.0116,Metal transporter Nramp1,NRAMP1,,vv50124Porters_cat_30_to_64,
720,VIT_10s0116g01150,23,0.0111,Unknown,,,,
721,VIT_18s0001g13050,23,0.0111,Protein translocase Tic20,TIC20,,vv50133Primary_active_transporter_cat_A9_to_A18,
722,VIT_02s0025g01960,23,0.0111,No hit,,,,
723,VIT_09s0018g00260,23,0.0110,No hit,,,,
724,VIT_09s0002g07530,23,0.0110,Tetratricopeptide helical,,,,
725,VIT_17s0000g10050,22,0.0107,Phosphopantothenoylcysteine decarboxylase,E4_1_1_36,,vv10770Pantothenate_and_CoA_biosynthesis,
726,VIT_13s0019g00910,22,0.0107,Ubiquitin-conjugating enzyme 13 (UBC13)  E2,K10575,,vv24120Ubiquitin_mediated_proteolysis,vv24141Protein_processing_in_endoplasmic_reticulum
727,VIT_14s0006g00050,22,0.0106,Transposase  IS4,,,,
728,VIT_18s0001g05950,22,0.0106,Cis-zeatin O-beta-D-glucosyltransferase,E2_4_1_215,,vv10908Zeatin_biosynthesis,
729,VIT_12s0028g01450,22,0.0106,S-receptor kinase,,,,
730,VIT_01s0011g01080,21,0.0102,ribulose-1 5 bisphosphate carboxylase oxygenase large subunit N-methyltransferase,E2_1_1_127_3,,vv60056SET_PCG,
731,VIT_09s0054g01440,21,0.0102,Beta-amyrin synthase,E5_4_99_BAS,,vv10900Terpenoid_biosynthesis,
732,VIT_06s0004g02230,21,0.0101,Unknown protein,,,,
733,VIT_03s0038g01930,20,0.0097,Peptidyl-prolyl cis-trans isomerase ROC5 (rotamase CYP 5),ROC5,,,
734,VIT_09s0002g03360,20,0.0097,Calmodulin binding protein,,,,
735,VIT_07s0141g00040,20,0.0097,Protein phosphatase 2C,E3_1_3_16,,,
736,VIT_08s0007g05860,19,0.0092,GASA like,GASAL,,vv30010Gibberellin_signaling,
737,VIT_05s0049g01810,19,0.0092,No hit,,,,
738,VIT_14s0060g00060,19,0.0092,EMB1138 (embryo defective 1138),EMB1138,,vv23040Spliceosome,vv50133Primary_active_transporter_cat_A9_to_A18
739,VIT_00s2380g00010,19,0.0092,S-locus lectin protein kinase,,,,
740,VIT_15s0046g00080,19,0.0092,Yippee,,,,
741,VIT_15s0048g02340,19,0.0092,No hit,,VvNAC50,,
742,VIT_14s0083g00540,19,0.0092,Plant adhesion molecule 1 (PAM1),,,,
743,VIT_16s0050g01860,19,0.0092,SLAH3 (SLAC1 Homologue 3),SLAH3,,vv50122Porters_cat_7_to_17,
744,VIT_14s0068g00420,19,0.0092,Alpha-amylase isozyme C2 precursor,E3_2_1_1,,vv10500Starch_and_sucrose_metabolism,
745,VIT_08s0007g04910,19,0.0091,Dual specificity phosphatase Cdc25,CDC25,,vv44110Cell_cycle,
746,VIT_08s0040g02290,18,0.0087,Armadillo/beta-catenin repeat,,,,
747,VIT_02s0012g01090,18,0.0087,RNA-binding protein P67,,,,
748,VIT_17s0000g01870,18,0.0087,Indeterminate(ID)-domain 16,IDD16_2,,vv60017C2H2,
749,VIT_01s0011g00840,18,0.0087,Ankyrin,K10380,,vv50108Accessory_factors_involved_in_transport,
750,VIT_16s0050g00500,18,0.0087,Disease resistance family protein,,,,
751,VIT_15s0046g03650,18,0.0087,(+)-neomenthol dehydrogenase,E1_1_1_208,,vv10902Monoterpenoid_biosynthesis,
752,VIT_06s0004g05480,18,0.0087,Translation initiation factor eIF-3 subunit 3,K03247,,vv23013RNA_transport,
753,VIT_06s0080g01100,18,0.0087,Unknown protein,,,,
754,VIT_00s0455g00050,18,0.0086,R protein  PRF  disease resistance protein,K13453,,vv34627R_proteins_from_Plant-pathogen_interaction,
755,VIT_18s0089g00100,17,0.0083,R protein L6,K13477,,vv34627R_proteins_from_Plant-pathogen_interaction,
756,VIT_11s0037g00780,17,0.0082,Serine carboxypeptidase II,,,,
757,VIT_01s0011g03010,16,0.0078,Serine/threonine-protein kinase SNT7  chloroplast precursor,,,,
758,VIT_11s0052g01780,16,0.0078,1-deoxy-D-xylulose-5-phosphate synthase,E2_2_1_7,,vv10100Biosynthesis_of_steroids,
759,VIT_05s0094g00240,16,0.0077,Chitinase  class IV [Vitis vinifera],E3_2_1_14,,vv10530Aminosugars_metabolism,
760,VIT_05s0049g00220,16,0.0077,2-oxoglutarate-dependent dioxygenase,,,,
761,VIT_13s0064g00650,16,0.0077,ATAB2,,,,
762,VIT_06s0004g03010,16,0.0077,Late embryogenesis abundant,,,,
763,VIT_02s0025g00720,16,0.0077,Transmembrane protein FT27/PFT27,PFT27,,vv50109Incompletely_characterized_transport_systems,
764,VIT_11s0016g04540,16,0.0077,ABC transporter G member 22,ABCG22,,vv52010ABC_transporters,
765,VIT_19s0015g00380,16,0.0076,Cystathionine beta-synthase,E4_2_1_22,,vv10260Glycine_serine_and_threonine_metabolism,vv10271Methionine_metabolism
766,VIT_11s0016g02090,15,0.0073,Esterase,,,,
767,VIT_07s0005g04700,15,0.0073,Dihydroneopterin aldolase,E4_1_2_25,,vv10790Folate_biosynthesis,
768,VIT_11s0016g03910,15,0.0073,Unknown protein,,,,
769,VIT_04s0008g05880,15,0.0072,CHD3-type chromatin-remodeling factor PICKLE,PICKLE_2,,vv60048PHD,
770,VIT_16s0022g01700,15,0.0072,No hit,,,,
771,VIT_15s0021g00470,15,0.0072,Beta-phosphoglucomutase,E5_4_2_6,,vv10010Glycolysis,
772,VIT_11s0016g00760,15,0.0072,Ubiquinone biosynthesis protein COQ9,,,,
773,VIT_04s0079g00790,14,0.0068,Acyl-CoA synthetases (Acyl-activating enzyme 11),E6_2_1_3,,vv10071Fatty_acid_metabolism,vv50104Group_translocators
774,VIT_08s0007g00340,14,0.0068,Kinesin family member 22,K10403,,vv44810Regulation_of_actin_cytoskeleton,
775,VIT_04s0008g01190,14,0.0067,UDP-sulfoquinovose synthase SQD1,E3_13_1_1,,vv10520Nucleotide_sugars_metabolism,vv10561Glycerolipid_metabolism
776,VIT_00s0211g00040,14,0.0067,Nodulation receptor kinase,,,,
777,VIT_03s0088g01150,14,0.0067,Squalene monooxygenase,E1_14_99_7,,vv10100Biosynthesis_of_steroids,vv10900Terpenoid_biosynthesis
778,VIT_07s0031g01420,13,0.0064,ATATH13,ATH13,,vv52010ABC_transporters,
779,VIT_17s0000g06550,13,0.0063,Exonuclease,E3_1_13_1,,,
780,VIT_13s0106g00350,13,0.0063,Lipase GDSL,,,,
781,VIT_01s0010g00680,13,0.0063,Heat shock protein 81-1,K04079,,vv24141Protein_processing_in_endoplasmic_reticulum,vv34626Plant-pathogen_interaction
782,VIT_07s0005g01100,13,0.0063,Importin alpha,IMPALPHA,,vv50109Incompletely_characterized_transport_systems,vv50112Nuclear_pore_complex
783,VIT_06s0004g02690,13,0.0063,Glycosyl transferase family 2 protein,,,,
784,VIT_18s0001g14660,13,0.0063,P-glycoprotein 13,PGP13,,vv52010ABC_transporters,
785,VIT_09s0002g07790,13,0.0063,Ubiquitin-conjugating enzyme 16 UBC16,K10688,,vv24120Ubiquitin_mediated_proteolysis,
786,VIT_13s0064g00740,13,0.0063,Lysine decarboxylase - like protein,E4_1_1_18,,vv10300Lysine_biosynthesis,
787,VIT_08s0058g01170,13,0.0063,MATE efflux family protein,MATE,,vv50125Porters_cat_66_to_94,
788,VIT_12s0034g02160,13,0.0063,Importin beta-2,K14293_2,,vv23013RNA_transport,vv50109Incompletely_characterized_transport_systems
789,VIT_00s0880g00010,13,0.0062,Basic helix-loop-helix (bHLH) family,BHLHDOM_95,,vv60011BHLH,
790,VIT_06s0080g00810,12,0.0058,Lycopene beta cyclase (LYC),K06443,,vv10906Carotenoid_biosynthesis,
791,VIT_14s0068g00400,12,0.0058,Hydrolase  alpha/beta fold family,,,,
792,VIT_01s0127g00070,12,0.0058,Nitrate transporter2.5,NRT2_5,,vv50121Porters_cat_1_to_6,
793,VIT_15s0046g00140,12,0.0058,ORMDL protein,,,,
794,VIT_14s0108g00190,12,0.0058,Aldose 1-epimerase,E5_1_3_3,,vv10010Glycolysis,
795,VIT_11s0016g01280,12,0.0058,DNA-directed RNA polymerase III subunit C4,K03026,,vv23020RNA_polymerase,
796,VIT_17s0000g01980,12,0.0058,Potassium channel SKOR,SKOR,,vv50101Channels_and_pores,
797,VIT_17s0000g05000,12,0.0058,SEPALLATA1,SEPALLATA1_1,,vv30009Flower_development,vv60042MADS
798,VIT_05s0029g00050,12,0.0058,BHLH transcription factor FMA (FAMA),FAMA,,vv60011BHLH,
799,VIT_03s0088g00950,12,0.0058,Unknown protein,,,,
800,VIT_18s0001g13280,11,0.0053,RanBPM,,,,
801,VIT_14s0068g00650,10,0.0049,Unknown,,,,
802,VIT_07s0005g02410,10,0.0049,Peptidyl-prolyl cis-trans isomerase  chloroplast ROC4 (rotamase CyP 4),ROC4,,,
803,VIT_08s0040g01790,10,0.0048,Laccase (diphenol oxidase)-like protein,E1_10_3_2,,vv11000Single_reactions,vv50109Incompletely_characterized_transport_systems
804,VIT_19s0015g00710,10,0.0048,Cellulose synthase CSLE1,E2_4_1_12_CSLE1,,vv40006Cell_wall,
805,VIT_00s0207g00010,10,0.0048,Anthranilate N-benzoyltransferase protein 1,E2_3_1_144,,vv10400Phenylalanine_tyrosine_and_tryptophan_biosynthesis,
806,VIT_10s0092g00250,10,0.0048,Alpha-glucosidase 1 (AGLU1),E3_2_1_20,,vv10052Galactose_metabolism,vv10500Starch_and_sucrose_metabolism
807,VIT_17s0053g00650,10,0.0048,Unknown protein,,,,
808,VIT_05s0124g00550,9,0.0044,Unknown protein,,,,
809,VIT_03s0017g02210,9,0.0044,Unknown,,,,
810,VIT_16s0022g00470,9,0.0044,Peroxisomal biogenesis factor 11 (PEX11),,,,
811,VIT_07s0005g03370,9,0.0044,Unknown,,,,
812,VIT_00s1309g00010,9,0.0044,Monocopper oxidase SKS11 (SKU5 Similar 11),SKS11,,vv50109Incompletely_characterized_transport_systems,
813,VIT_09s0002g01850,9,0.0044,HAB1 (homology toABI1),HAB1,,vv30001ABA_signaling,
814,VIT_15s0046g00740,9,0.0044,Tetratricopeptide repeat (TPR)-containing,,,,
815,VIT_14s0066g01480,9,0.0044,Cis-zeatin O-beta-D-glucosyltransferase,E2_4_1_215,,vv10908Zeatin_biosynthesis,
816,VIT_18s0001g01660,9,0.0044,NADH dehydrogenase I subunit M,K05584,,vv10190Oxidative_phosphorylation,vv50134Primary_active_transporter_cat_D1
817,VIT_06s0009g02010,9,0.0044,Anthocyanin 3-O-galactosyltransferase,E2_4_1_115,,vv10942Anthocyanin_biosynthesis,
818,VIT_12s0059g01930,9,0.0044,Secretory carrier membrane protein (SCAMP1),SCAMP1,,vv50110Protein_coat,
819,VIT_05s0077g01670,9,0.0043,Major cherry allergen Pru av 1.0202,,,,
820,VIT_02s0087g00280,9,0.0043,Glycosyl transferase family 1 protein,,,,
821,VIT_02s0012g01130,9,0.0043,No hit,,,,
822,VIT_02s0025g02070,9,0.0043,RWP-RK domain-containing protein,RWPRKDOM_10,,vv60052RWP-RK,
823,VIT_14s0068g00370,9,0.0043,No hit,,,,
824,VIT_04s0008g07020,9,0.0043,Tic55 (translocon at the inner envelope membrane of chloroplasts 55),TIC55,,vv50133Primary_active_transporter_cat_A9_to_A18,
825,VIT_11s0065g00740,9,0.0043,Anaphase-promoting complex subunit 8,K03355,,vv24120Ubiquitin_mediated_proteolysis,vv44110Cell_cycle
826,VIT_02s0025g02620,9,0.0043,BDG1 (BODYGUARD1) hydrolase,,,,
827,VIT_14s0083g00740,9,0.0043,Amino acid permease,AAPREL,,vv50123Porters_cat_18_to_29,
828,VIT_09s0018g00830,9,0.0043,Leucine-rich repeat family,,,,
829,VIT_05s0077g02180,9,0.0043,Chalcone reductase,CHALR,,vv10941Flavonoid_biosynthesis,
830,VIT_17s0000g08790,9,0.0043,EMB2759 (embryo defective 2759),,,,
831,VIT_18s0001g15310,9,0.0043,Thioredoxin M-type,,,,
832,VIT_18s0001g15020,9,0.0043,DnaJ homolog  subfamily A  member 4,K09505,,vv50132Primary_active_transporter_cat_A5_to_A8,
833,VIT_02s0025g04940,8,0.0039,Carboxyl-terminal peptidase,,,,
834,VIT_08s0040g01560,7,0.0034,RNA polymerase primary sigma factor SIGF,K03086_1,,vv23020RNA_polymerase,vv60057Sigma70-like
835,VIT_00s1311g00010,7,0.0034,NADH dehydrogenase (ubiquinone) Fe-S protein 4,K03937,,vv10190Oxidative_phosphorylation,vv50134Primary_active_transporter_cat_D1
836,VIT_02s0025g01930,7,0.0034,Cellulose synthase CSLG3,E2_4_1_12_CSLG3,,vv40006Cell_wall,
837,VIT_01s0011g02590,7,0.0034,No hit,,,,
838,VIT_10s0116g00740,7,0.0034,Serine carboxypeptidase-like 32,K01287,,,
839,VIT_19s0014g05340,7,0.0034,No hit,,,,
840,VIT_02s0025g03940,7,0.0034,Unknown protein,,,,
841,VIT_13s0074g00460,7,0.0034,No hit,,,,
842,VIT_11s0016g03390,7,0.0034,CRS2-associated factor 1,,,,
843,VIT_00s0346g00100<br>VIT_00s0371g00040<br>VIT_00s0346g00120<br>VIT_00s0371g00060<br>VIT_00s0371g00010,7,0.0034,
844,VIT_14s0030g00670,6,0.0029,Dehydroquinate dehydratase,E4_2_1_10,,vv10400Phenylalanine_tyrosine_and_tryptophan_biosynthesis,
845,VIT_05s0020g02710,6,0.0029,Slingshot,K05766,,vv44810Regulation_of_actin_cytoskeleton,
846,VIT_04s0008g02250,6,0.0029,Beta-ketoacyl-CoA synthase,E2_3_1_41,,vv10061Fatty_acid_biosynthesis,
847,VIT_04s0023g03680,6,0.0029,Histidine kinase 1 (AHK1),,,,
848,VIT_09s0002g03750,6,0.0029,GATA transcription factor 11,GAT11_2,,vv60016C2C2-GATA,
849,VIT_14s0030g02150,6,0.0029,Calmodulin,K02183,,vv34020Calcium_signaling_pathway,vv34626Plant-pathogen_interaction
850,VIT_18s0001g03760,6,0.0029,Holocarboxylase synthetase 1 (HCS1),E6_3_4_9,,vv10780Biotin_metabolism,
851,VIT_18s0001g13440,6,0.0029,SLAH1 (SLAC1 homologue 1),SLAH1,,vv50122Porters_cat_7_to_17,
852,VIT_12s0142g00120,6,0.0029,Nuclear movement protein,,,,
853,VIT_11s0016g01890,6,0.0029,Telomere repeat binding factor 1,TRB1_4,,vv60045MYBrelated,
854,VIT_05s0020g01360,6,0.0029,Myb family,MYBREL_17,,vv60045MYBrelated,
855,VIT_00s0704g00040,6,0.0029,Calmodulin-binding,,,,
856,VIT_08s0040g03130,6,0.0029,Unknown protein,,,,
857,VIT_08s0007g03660,6,0.0029,CYP94C9,,,,
858,VIT_19s0014g04920,6,0.0029,(-)-germacrene D synthase,E4_2_3_22,,vv10900Terpenoid_biosynthesis,
859,VIT_09s0002g04860,6,0.0029,GTPase activating protein,,,,
860,VIT_15s0048g02050,6,0.0029,Hydrolase  alpha/beta fold family protein  expressed,,,,
861,VIT_11s0016g05480,6,0.0029,Clathrin assembly protein 2,CAP2,,vv50110Protein_coat,
862,VIT_11s0016g00460,6,0.0029,Kinesin TETRASPORE (NACK1),TETRASPORE,,vv44110Cell_cycle,vv44810Regulation_of_actin_cytoskeleton
863,VIT_17s0000g08110,6,0.0029,Nodulin MtN3,,,,
864,VIT_04s0008g00280,6,0.0029,Amino acid permease 1,AAP1,,vv50123Porters_cat_18_to_29,
865,VIT_04s0008g07110,6,0.0029,Aspartic proteinase nepenthesin-2 precursor,E3_4_23_12,,,
866,VIT_06s0009g01220,6,0.0029,Subtilisin protease C1,,,,
867,VIT_12s0028g01860,6,0.0029,Protein kinase Xa21,K13437,,vv34626Plant-pathogen_interaction,
868,VIT_02s0012g00470,6,0.0029,Unknown,,,,
869,VIT_02s0025g03990,6,0.0029,No hit,,,,
870,VIT_05s0051g00860,6,0.0029,PTAC5 (plastid transcriptionally active5),PTAC5,,,
871,VIT_17s0000g00940,6,0.0029,F-box protein,,,,
872,VIT_14s0030g02290,6,0.0029,Pentatricopeptide (PPR) repeat,,,,
873,VIT_12s0134g00640,6,0.0029,Anthocyanidin 3-O-glucoside-6''-O-malonyltransferase,E2_3_1_171,,vv10942Anthocyanin_biosynthesis,
874,VIT_12s0028g00840,6,0.0029,Chromatin remodeling 17,CHR17,,vv60058SNF2,
875,VIT_13s0019g01040,6,0.0029,Unknown protein,,,,
876,VIT_18s0001g00090,6,0.0029,Seed maturation protein PM23,,,,
877,VIT_05s0020g01130,6,0.0029,DEAD/DEAH box helicase,DEADBOX,,vv23040Spliceosome,vv50133Primary_active_transporter_cat_A9_to_A18
878,VIT_08s0040g00550,6,0.0029,Pinoresinol-lariciresinol reductase,PLR,,vv10940Phenylpropanoid_biosynthesis,
879,VIT_09s0002g06750,6,0.0029,ERF/AP2 transcription factor sub B-6 SHINE,SHINE1_1,VvERF042,vv30008Ethylene_signaling,vv60003AP2_EREBP
880,VIT_18s0001g02460,6,0.0029,Unknown protein,,,,
881,VIT_04s0023g01650,6,0.0029,Succinate dehydrogenase flavoprotein subunit precursor,K00234,,vv10020Citrate_cycle,vv10190Oxidative_phosphorylation
882,VIT_19s0014g00070,6,0.0029,Solanesyl diphosphate synthase,E2_5_1_11,,vv10100Biosynthesis_of_steroids,
883,VIT_17s0000g06520,6,0.0029,Timing of CAB expression 1,TOC1_1,,vv34710Circadian_rhythm,vv60050PseudoARR-B
884,VIT_00s1491g00020,6,0.0029,Lil3 protein,LIL3_1,,,
885,VIT_03s0038g04570,6,0.0029,ADP-glucose pyrophosphorylase large subunit 1,E2_7_7_27,,vv10500Starch_and_sucrose_metabolism,
886,VIT_07s0129g00340,6,0.0029,Shoot gravitropism 7,SGR7_2,,vv60032GRAS,
887,VIT_06s0004g00610,6,0.0029,Accelerated cell death 1 ACD1,ACD1,,vv50133Primary_active_transporter_cat_A9_to_A18,
888,VIT_02s0025g02860,6,0.0029,Subtilisin serine protease,SBT3_3,,vv50101Channels_and_pores,
889,VIT_00s0558g00020,6,0.0029,LINC4 (little nuclei4),,,,
890,VIT_16s0050g02660,6,0.0029,Pyruvate kinase,E2_7_1_40,,vv10010Glycolysis,vv10230Purine_metabolism
891,VIT_16s0050g00710,6,0.0029,Unknown protein,,,,
892,VIT_18s0001g09320,6,0.0029,Casein kinase II subunit alpha-2,K03097,,vv23008Ribosome_biogenesis_in_Eukaryotes,vv34710Circadian_rhythm
893,VIT_14s0030g01410,6,0.0029,GCN5 N-acetyltransferase (GNAT),GCN5_28,,vv60082GNAT,
894,VIT_11s0016g02310,6,0.0029,Thioredoxin 2,,,,
895,VIT_03s0091g01190,6,0.0029,Magnesium transporter CorA,MRS2REL,,vv50101Channels_and_pores,
896,VIT_05s0077g01010,6,0.0029,HCF107 (high chlorophyll fluorescent 107),,,,
897,VIT_04s0043g00860,6,0.0029,Unknown protein,,,,
898,VIT_04s0069g00170,5,0.0024,Glutamate receptor protein,GLR2_7,,vv50101Channels_and_pores,
899,VIT_11s0016g02870,4,0.0019,Peptidase alpha subunit  Mitochondrial,E3_4_24_64,,,
900,VIT_09s0002g02440,4,0.0019,ABC transporter C member 12,K05672,,vv52010ABC_transporters,
901,VIT_05s0020g02880,4,0.0019,ADP-glucose pyrophosphorylase,E2_7_7_27,,vv10500Starch_and_sucrose_metabolism,
902,VIT_02s0025g04810,4,0.0019,Subtilisin P69F protein,,,,
903,VIT_00s0505g00020,4,0.0019,No hit,,,,
904,VIT_19s0090g01750,4,0.0019,Unknown protein,,,,
905,VIT_10s0116g01900,3,0.0015,Unknown,,,,
906,VIT_05s0049g00300,3,0.0015,1-aminocyclopropane-1-carboxylate oxidase homolog 1,E1_14_17_4,,vv10640Propanoate_metabolism,vv30008Ethylene_signaling
907,VIT_11s0037g00840,3,0.0015,Tetratricopeptide repeat (TPR)-containing,,,,
908,VIT_01s0026g01090,3,0.0015,Unknown,,,,
909,VIT_15s0024g01460,3,0.0015,FtsH protease,K03798,,vv50133Primary_active_transporter_cat_A9_to_A18,
910,VIT_00s0522g00010<br>VIT_00s0266g00010<br>VIT_00s0372g00070<br>VIT_00s0372g00080<br>VIT_00s0572g00010<br>VIT_00s0372g00040<br>VIT_00s0847g00020<br>VIT_00s0572g00020,3,0.0015,
911,VIT_00s2377g00010,3,0.0015,Unknown protein,,,,
912,VIT_12s0034g00130,3,0.0015,Anthocyanidin 3-O-glucosyltransferase,E2_4_1_115,,vv10942Anthocyanin_biosynthesis,
913,VIT_07s0104g01120,3,0.0015,Rac GTPase activating protein,RHOGAP,,vv50109Incompletely_characterized_transport_systems,
914,VIT_07s0129g00430,3,0.0015,Acyl-CoA binding protein,,,,
915,VIT_08s0007g05140,3,0.0015,MAP70 protein .,,,,
916,VIT_15s0046g01090,3,0.0015,Hydroxyproline-rich glycoprotein,HRGP,,vv40006Cell_wall,
917,VIT_00s0838g00020,3,0.0015,Ribosomal protein S5,K02988,,vv23010Ribosome,
918,VIT_12s0028g02170,3,0.0015,ATP synthase protein I,K02116,,vv10190Oxidative_phosphorylation,vv50131Primary_active_transporter_cat_A2_to_A4
919,VIT_01s0026g01690,3,0.0015,Ethylene-responsive transcription factor WRINKLED 1,WRINKLED1_4,VvAP2-08,vv30008Ethylene_signaling,vv60003AP2_EREBP
920,VIT_12s0028g03520,3,0.0015,S-receptor kinase,,,,
921,VIT_14s0060g02220,3,0.0015,F-actin capping protein alpha subunit,K10364,,vv44810Regulation_of_actin_cytoskeleton,
922,VIT_05s0049g01360,3,0.0015,HrBP1-1 PAP/fibrillin family,K06825,,,
923,VIT_16s0050g00720,3,0.0015,Ubiquitin-protein ligase ASK21,ASK21,,vv30003Auxin_signaling,
924,VIT_09s0002g03710,3,0.0015,Unknown protein,,,,
925,VIT_19s0027g01520,3,0.0015,DNA topoisomerase I,E5_99_1_2,,,
926,VIT_12s0034g01370,3,0.0015,Unknown protein,,,,
927,VIT_17s0000g09910,3,0.0015,Haloacid dehalogenase hydrolase,E3_1_3_18,,vv10630Glyoxylate_and_dicarboxylate_metabolism,
928,VIT_10s0116g00710,3,0.0015,Tryptophan synthase  beta subunit,E4_2_1_20,,vv10400Phenylalanine_tyrosine_and_tryptophan_biosynthesis,
929,VIT_00s2844g00010,3,0.0015,Autoinhibited H+ ATPase,,,,
930,VIT_18s0001g00600,3,0.0015,F-box family protein,,,,
931,VIT_04s0069g00720,3,0.0015,Glutamate receptor protein,GLR2_7,,vv50101Channels_and_pores,
932,VIT_05s0062g01270,3,0.0015,Cyclo-DOPA 5-O-glucosyltransferase,CD5OGT,,vv10350Tyrosine_metabolism,
933,VIT_03s0180g00240,3,0.0015,No hit,,,,
934,VIT_06s0004g00210,3,0.0015,Subtilisin protease,,,,
935,VIT_19s0085g00920,3,0.0015,Organic cation transport protein OCT2,VVOCT2,,vv50121Porters_cat_1_to_6,
936,VIT_06s0004g07360,3,0.0015,Protein phosphatase 2C,E3_1_3_16,,,
937,VIT_13s0067g02390,3,0.0015,Unknown,,,,
938,VIT_05s0094g01020,3,0.0015,Indole-3-acetate beta-glucosyltransferase,E2_4_1_121,,vv11002Auxin_biosynthesis,
939,VIT_01s0182g00050,3,0.0015,ribulose-1 5 bisphosphate carboxylase oxygenase large subunit N-methyltransferase,E2_1_1_127_1,,vv60056SET_PCG,
940,VIT_11s0149g00200,3,0.0015,Unknown protein,,,,
941,VIT_05s0049g02140,3,0.0015,Glutamyl-tRNA(Gln) amidotransferase B,E6_3_5_6,,vv10251Glutamate_metabolism,vv10252Alanine_and_aspartate_metabolism
942,VIT_12s0057g01030,3,0.0015,Glucose-6-phosphate 1-dehydrogenase 2  chloroplast precursor,E1_1_1_49,,vv10030Pentose_phosphate,vv10480Glutathione_metabolism
943,VIT_14s0030g00420,3,0.0015,Inosine-uridine preferring nucleoside hydrolase family protein,E3_2_2_1,,vv10230Purine_metabolism,vv10760Nicotinate_and_nicotinamide_metabolism
944,VIT_12s0059g00010,3,0.0015,Nicotianamine aminotransferase A,E2_6_1_80,,vv10271Methionine_metabolism,
945,VIT_05s0029g01460,3,0.0014,No hit,,,,
946,VIT_08s0105g00220,3,0.0014,PRLI-interacting factor G-like protein,,,,
947,VIT_14s0108g01200,3,0.0014,Vesicle transport v-SNARE 13,K08493,,vv24130SNARE_interactions_in_vesicular_transport,
948,VIT_14s0068g01970,3,0.0014,Unknown protein,,,,
949,VIT_03s0038g02460,3,0.0014,CDP-diacylglycerol--inositol 3-phosphatidyltransferase 1,E2_7_8_11,,vv10564Glycerophospholipid_metabolism,vv34070Phosphatidylinositol_signaling_system
950,VIT_06s0004g05230,3,0.0014,Plastid transcriptionally active18,PTAC16,,vv50133Primary_active_transporter_cat_A9_to_A18,
951,VIT_06s0061g01390,3,0.0014,CBF transcription factor,CBF1_2,VvERF027,vv30008Ethylene_signaling,vv60003AP2_EREBP
952,VIT_07s0031g01550,3,0.0014,No hit,,,,
953,VIT_00s0391g00020,3,0.0014,Protein cbbY,,,,
954,VIT_00s0286g00060,3,0.0014,S-locus protein kinase,,,,
955,VIT_08s0058g01310,3,0.0014,Elongation factor P  putative  expressed,K02356,,,
956,VIT_07s0031g02780,3,0.0014,Cyclase/dehydrase,,,,
957,VIT_17s0000g08600,3,0.0014,Signal recognition particle receptor beta subunit,K12272,,vv23060Protein_export,vv50132Primary_active_transporter_cat_A5_to_A8
958,VIT_09s0018g01280,3,0.0014,Ribulose bisphosphate carboxylase/oxygenase activase 2,,,,
959,VIT_18s0075g00280,3,0.0014,Branched-chain amino acid aminotransferase,E2_6_1_42,,vv10280Valine_leucine_and_isoleucine_degradation,vv10290Valine_leucine_and_isoleucine_biosynthesis
960,VIT_18s0001g09710,3,0.0014,MRG,,,,
961,VIT_17s0000g06190,3,0.0014,Myb domain protein 94,MYB94_2,MYB30A,vv60044MYB,
962,VIT_10s0003g05230,3,0.0014,Tetratricopeptide repeat domain male sterility MS5,,,,
963,VIT_06s0009g02340,3,0.0014,Tryptophan/tyrosine permease family,TRYTYRPERM,,vv50124Porters_cat_30_to_64,
964,VIT_15s0046g01470,3,0.0014,Unknown protein,,,,
965,VIT_18s0001g14530,3,0.0014,Ubiquitin-protein ligase CIP8 (COP1-interacting protein 8),CIP8,,vv24120Ubiquitin_mediated_proteolysis,
966,VIT_18s0001g08420,3,0.0014,Unknown,,,,
967,VIT_04s0008g00610,3,0.0014,Zinc finger (CCCH-type) family protein,CCCHFAM_38,,vv60018C3H,
968,VIT_07s0255g00090,3,0.0014,CYP82C1p,,,,
969,VIT_14s0060g02240,3,0.0014,U6 snRNA-associated Sm-like protein LSm4,K12623,,vv23018RNA_degradation,vv23040Spliceosome
970,VIT_08s0040g01940,3,0.0014,Zinc finger (C3HC4-type ring finger),ZFC3HC4_154,,vv60078Other_zf-C3HC4,
971,VIT_12s0059g01480,3,0.0014,Lipase family,,,,
972,VIT_19s0014g01140,3,0.0014,No hit,,,,
973,VIT_03s0063g02030,3,0.0014,4-hydroxy-3-methylbut-2-enyl diphosphate reductase,E1_17_1_2,,vv10100Biosynthesis_of_steroids,
974,VIT_17s0000g02040,3,0.0014,Unknown protein,,,,
975,VIT_18s0001g03170,3,0.0014,Nodulin MtN21 family,MTN21,,vv50122Porters_cat_7_to_17,
976,VIT_19s0015g01870,3,0.0014,WRKY DNA-binding protein 2,WRKY2_1,VvWRKY57,vv60066WRKY,
977,VIT_01s0010g01000,3,0.0014,NIK1 (NSP- interacting  kinase 1),,,,
978,VIT_18s0001g07980,3,0.0014,CBL-interacting protein kinase 8 (CIPK8),CIPK8,,,
979,VIT_04s0008g00460,3,0.0014,Unknown protein,,,,
980,VIT_00s0400g00010,3,0.0014,Unknown protein,,,,
981,VIT_19s0090g00420,3,0.0014,Translation initiation factor eIF-1,K03113,,vv23013RNA_transport,
982,VIT_19s0014g02290,3,0.0014,Ribosomal protein L11 methyltransferase,K02867,,vv23010Ribosome,
983,VIT_16s0013g02060,3,0.0014,No hit,,,,
984,VIT_03s0063g01450,3,0.0014,VRN1 (reduced vernalization response 1),VRN1_1,,vv30009Flower_development,vv60001ABI3VP1
985,VIT_10s0003g03600<br>VIT_10s0003g03520,3,0.0014,
986,VIT_09s0070g00360,3,0.0014,Aldo/keto reductase,E1_1_1_21,,vv10040Pentose_glucuronate_interconversion,vv10051Fructose_and_mannose_metabolism
987,VIT_04s0023g03740,3,0.0014,Tetratricopeptide repeat domain male sterility MS5,,,,
988,VIT_00s0965g00010,3,0.0014,Magnesium-chelatase subunit chlD  chloroplast precursor,E6_6_1_1,,vv10860Porphyrin_and_chlorophyll_metabolism,
989,VIT_11s0037g00640,3,0.0014,No hit,,,,
