Vv_m2,2000,1000,VIT_14s0128g00780
rank,node,Fabs,Frel,Functional-annotation,Name-EC-KeggID,Updated-name,Network1,Network2
1,VIT_14s0128g00790,2073,1.0000,Lipoxygenase (LOX1),E1_13_11_12,,vv10592alpha-Linolenic_acid_metabolism,
2,VIT_06s0004g01580,2059,1.0000,Lipoxygenase,E1_13_11_12,,vv10592alpha-Linolenic_acid_metabolism,
3,VIT_14s0219g00080,2082,0.9995,Unknown protein,,,,
4,VIT_07s0031g01010<br>VIT_07s0031g01040<br>VIT_07s0031g01050,2085,0.9990,
5,VIT_08s0007g06560,2064,0.9976,Lectin protein kinase,,,,
6,VIT_16s0050g01890,2057,0.9956,Unknown,,,,
7,VIT_00s0480g00040,2050,0.9956,Polyphenol oxidase II  chloroplast precursor,E1_10_3_1,,vv10350Tyrosine_metabolism,vv50109Incompletely_characterized_transport_systems
8,VIT_04s0008g00320,2056,0.9947,Leucine-rich repeat family protein,,,,
9,VIT_02s0025g00510,2042,0.9922,Respiratory burst oxidase protein F (RBOHF),RBOHF,,vv30001ABA_signaling,vv34626Plant-pathogen_interaction
10,VIT_11s0016g01060,2036,0.9860,Avr9/Cf-9 induced kinase 1,,,,
11,VIT_07s0005g04050,2024,0.9835,Leucine Rich Repeat receptor-like kinase,,,,
12,VIT_12s0055g00920,2031,0.9831,Aspartate aminotransferase,E2_6_1_1,vv10710Carbon_fixation,vv10252Alanine_and_aspartate_metabolism,vv10272Cysteine_metabolism
13,VIT_09s0054g00910,2029,0.9792,Chaperone BCS1 mitochondrial,K08900,,,
14,VIT_15s0046g01570,2021,0.9792,Acidic endochitinase (CHIB1),E3_2_1_14,,vv10530Aminosugars_metabolism,
15,VIT_04s0044g00660,2037,0.9789,S-receptor kinase,,,,
16,VIT_14s0083g00460,2011,0.9748,Tryptophan synthase beta chain 2,E4_2_1_20,,vv10400Phenylalanine_tyrosine_and_tryptophan_biosynthesis,
17,VIT_18s0001g15230,1995,0.9689,Unknown,,,,
18,VIT_03s0063g00880,1991,0.9632,Calmodulin-binding protein,,,,
19,VIT_02s0012g02340,1992,0.9628,CYP76C4,,,,
20,VIT_19s0014g01370,1989,0.9623,Curculin (mannose-binding) lectin,,,,
21,VIT_16s0098g00970,1992,0.9586,Subtilisin serine protease,SBT3_5_1,,vv50101Channels_and_pores,vv60085MTERF
22,VIT_09s0002g01090,1990,0.9577,flavonoid 3-monooxygenase,E1_14_13_21,,vv10941Flavonoid_biosynthesis,
23,VIT_08s0007g08460,1972,0.9527,Unknown protein,,,,
24,VIT_15s0021g01080,1955,0.9467,CYP72A1,K13400,,vv10902Monoterpenoid_biosynthesis,
25,VIT_04s0023g03030,1939,0.9436,Zinc finger (B-box type),ZFBBOX_7,,vv60073Orphans_zf-b_box,
26,VIT_04s0079g00790,1953,0.9430,Acyl-CoA synthetases (Acyl-activating enzyme 11),E6_2_1_3,,vv10071Fatty_acid_metabolism,vv50104Group_translocators
27,VIT_09s0002g04560,1917,0.9265,Calmodulin-binding protein,,,,
28,VIT_19s0014g02900,1915,0.9251,Ring finger protein 185,,,,
29,VIT_14s0108g00270,1912,0.9232,Aldose 1-epimerase,E5_1_3_3,,vv10010Glycolysis,
30,VIT_05s0020g03270,1904,0.9220,S-receptor kinase,,,,
31,VIT_00s0226g00050,1879,0.9090,R protein  PRF  disease resistance protein,K13453,,vv34627R_proteins_from_Plant-pathogen_interaction,
32,VIT_17s0053g00860,1882,0.9052,Cyclic nucleotide-binding transporter 1,K05391_CNBT1,,vv34626Plant-pathogen_interaction,vv50101Channels_and_pores
33,VIT_01s0026g02400,1864,0.9044,Glutathione S-transferase 10 GSTU10,E2_5_1_18_GSTU10,,vv10480Glutathione_metabolism,
34,VIT_00s0131g00060,1862,0.9030,Annexin ANN3,ANN3,,vv50101Channels_and_pores,
35,VIT_14s0060g00120,1864,0.9018,Germin-like protein 2 [Vitis vinifera],,,,
36,VIT_06s0004g08150,1848,0.9010,Trans-cinnamate 4-monooxygenase,E1_14_13_11,,vv10360Phenylalanine_metabolism,vv10940Phenylpropanoid_biosynthesis
37,VIT_08s0007g00810,1858,0.8998,Lectin receptor kinase 7,,,,
38,VIT_11s0016g05880,1856,0.8975,Ubiquitin-specific protease 12 UBP12,,,,
39,VIT_19s0014g04180,1843,0.8916,Curculin (mannose-binding) lectin,,,,
40,VIT_01s0011g01350,1843,0.8873,No hit,,,,
41,VIT_13s0019g04060,1840,0.8867,MLO1,K08472,,,
42,VIT_12s0028g02570,1841,0.8847,Sodium/calcium exchanger family protein,NACAEX,,vv50123Porters_cat_18_to_29,
43,VIT_14s0030g01890,1839,0.8846,Unknown,,,,
44,VIT_16s0098g01160,1821,0.8789,Subtilisin protease,SBT3_5,,vv50101Channels_and_pores,
45,VIT_05s0062g00790,1816,0.8769,NSL1 (necrotic spotted lesions 1),,,,
46,VIT_00s0262g00120,1796,0.8718,Receptor kinase RK20-1,,,,
47,VIT_03s0038g00320,1799,0.8620,Unknown protein,,,,
48,VIT_18s0089g00660,1777,0.8609,CF9,K13446,,vv34626Plant-pathogen_interaction,
49,VIT_16s0050g00430,1783,0.8597,Photoassimilate-responsive protein PAR-1a,,,,
50,VIT_14s0068g00340,1778,0.8569,Transcription initiation factor TFIID subunit 8,TAF8,,vv23022Basal_transcription_factors,
51,VIT_08s0058g01390,1763,0.8509,WRKY DNA-binding protein 70,WRKY70_2,VvWRKY25,vv60066WRKY,
52,VIT_07s0031g01090,1766,0.8503,Ascorbate oxidase,E1_10_3_3,,vv10053Ascorbate_and_aldarate_metabolism,vv50109Incompletely_characterized_transport_systems
53,VIT_04s0044g01370,1761,0.8495,SCL1 (scarecrow-like 1),SCL1_1,,vv60032GRAS,
54,VIT_00s0316g00010,1751,0.8475,Disease resistance protein,K13466,,vv34626Plant-pathogen_interaction,
55,VIT_14s0108g00190,1736,0.8391,Aldose 1-epimerase,E5_1_3_3,,vv10010Glycolysis,
56,VIT_17s0053g00840,1720,0.8329,Cyclic nucleotide-binding transporter 1,K05391_CNBT1,,vv34626Plant-pathogen_interaction,vv50101Channels_and_pores
57,VIT_00s0340g00060,1723,0.8328,Endo-1 4-beta-glucanase korrigan (KOR),E3_2_1_4,,vv40006Cell_wall,
58,VIT_09s0002g06890,1710,0.8289,Dicyanin blue copper protein,,,,
59,VIT_07s0031g01120,1717,0.8267,Ascorbate oxidase,E1_10_3_3,,vv10053Ascorbate_and_aldarate_metabolism,vv50109Incompletely_characterized_transport_systems
60,VIT_11s0052g01090,1693,0.8242,4-coumarate-CoA ligase 2,E6_2_1_12,,vv10940Phenylpropanoid_biosynthesis,vv50104Group_translocators
61,VIT_19s0014g00620,1705,0.8241,Receptor kinase 2,,,,
62,VIT_07s0151g00700,1704,0.8216,EDA4 (embryo sac development arrest 4),EDA4,,vv50109Incompletely_characterized_transport_systems,
63,VIT_18s0166g00250,1678,0.8146,No hit,,,,
64,VIT_16s0050g00110,1675,0.8080,Unknown protein,,,,
65,VIT_03s0110g00030,1673,0.8078,Unknown,,,,
66,VIT_02s0012g02370,1670,0.8040,Geraniol 10-hydroxylase,G10H,,vv10902Monoterpenoid_biosynthesis,
67,VIT_17s0000g03370,1670,0.8033,Calmodulin-binding protein,K02183,,vv34020Calcium_signaling_pathway,vv34626Plant-pathogen_interaction
68,VIT_07s0151g00780,1666,0.8025,Hemolysin A,K06442,,vv50109Incompletely_characterized_transport_systems,
69,VIT_03s0038g04280,1660,0.8004,Protein BCCIP homolog,,,,
70,VIT_18s0041g00250,1642,0.7998,R protein L6,K13477,,vv34627R_proteins_from_Plant-pathogen_interaction,
71,VIT_08s0040g01710,1649,0.7982,Phenylalanine ammonia-lyase,E4_3_1_5,,vv10350Tyrosine_metabolism,vv10360Phenylalanine_metabolism
72,VIT_06s0004g04820,1651,0.7934,Salt stress-inducible protein kinase,,,,
73,VIT_00s0480g00030,1628,0.7903,Polyphenol oxidase,E1_10_3_1,,vv10350Tyrosine_metabolism,vv50109Incompletely_characterized_transport_systems
74,VIT_07s0151g01070,1634,0.7890,Copalyl diphosphate synthase,E5_5_1_12,,vv10904Diterpenoid_biosynthesis,
75,VIT_17s0000g04360,1639,0.7887,Wall-associated kinase 2 (WAK2),,,,
76,VIT_18s0089g00650,1623,0.7837,CF4,K13470,,vv34626Plant-pathogen_interaction,
77,VIT_17s0000g00950,1610,0.7827,Hydroxycinnamoyl-CoA quinate hydroxycinnamoyltransferase,E2_3_1_99,,vv10940Phenylpropanoid_biosynthesis,
78,VIT_17s0053g00950,1610,0.7782,Cyclic nucleotide-binding transporter 1,K05391_CNBT1,,vv34626Plant-pathogen_interaction,vv50101Channels_and_pores
79,VIT_07s0031g01710,1604,0.7749,WRKY DNA-binding protein 51,WRKY51_3,VvWRKY22,vv60066WRKY,
80,VIT_17s0053g00850,1580,0.7711,Cyclic nucleotide-binding transporter 1,K05391_CNBT1,,vv34626Plant-pathogen_interaction,vv50101Channels_and_pores
81,VIT_12s0028g01650,1604,0.7693,S-receptor kinase,,,,
82,VIT_12s0035g00100,1575,0.7653,Receptor protein kinase,,,,
83,VIT_01s0011g05490,1575,0.7623,F-box domain containing protein,,,,
84,VIT_13s0067g01310,1579,0.7606,R protein disease resistance protein,RPROT,,vv34627R_proteins_from_Plant-pathogen_interaction,
85,VIT_04s0008g00310,1577,0.7600,Clavata1 receptor kinase (CLV1),,,,
86,VIT_03s0091g00560,1573,0.7566,Leucine-rich repeat protein kinase,,,,
87,VIT_18s0001g13270,1558,0.7552,Papain cysteine peptidase XBCP3,E3_4_22_2,,,
88,VIT_01s0011g01660,1562,0.7550,VAMP726 (VESICLE-associated membrane protein),K08511,,vv24130SNARE_interactions_in_vesicular_transport,vv50101Channels_and_pores
89,VIT_01s0127g00070,1566,0.7547,Nitrate transporter2.5,NRT2_5,,vv50121Porters_cat_1_to_6,
90,VIT_00s0262g00110,1537,0.7461,6-phosphogluconate dehydrogenase  decarboxylating,E1_1_1_44,,vv10030Pentose_phosphate,
91,VIT_14s0030g02150,1535,0.7426,Calmodulin,K02183,,vv34020Calcium_signaling_pathway,vv34626Plant-pathogen_interaction
92,VIT_04s0008g03530,1535,0.7423,Ankyrin repeat,K10380,,vv50108Accessory_factors_involved_in_transport,
93,VIT_06s0080g00570,1530,0.7395,Unknown protein,,,,
94,VIT_13s0019g04070,1532,0.7390,MLO1,K08472,,,
95,VIT_19s0014g04190,1522,0.7378,ARK3 (Arabidopsis Receptor Kinase 3),,,,
96,VIT_12s0028g01630,1518,0.7330,S-receptor kinase,,,,
97,VIT_16s0039g02060,1515,0.7305,Ankyrin repeat family protein,,,,
98,VIT_04s0008g03500,1508,0.7289,Ankyrin,K10380,,vv50108Accessory_factors_involved_in_transport,
99,VIT_04s0008g03140,1513,0.7285,Unknown,,,,
100,VIT_01s0010g02440,1483,0.7178,ABC transporter C member 9,K05033,,vv52010ABC_transporters,
101,VIT_05s0124g00080,1481,0.7165,No hit,,,,
102,VIT_17s0000g00650,1474,0.7114,No hit,,,,
103,VIT_12s0057g01130,1459,0.7004,R protein disease resistance protein,RPROT,,vv34627R_proteins_from_Plant-pathogen_interaction,
104,VIT_01s0137g00050,1447,0.6957,Myb family,MYBGE_2,,vv60029G2-like,
105,VIT_16s0050g01910,1423,0.6894,Unknown,,,,
106,VIT_14s0066g01130,1415,0.6866,Universal stress protein A,,,,
107,VIT_01s0011g00990,1419,0.6848,RPM1 (resistance to p. syringae pv maculicola 1),K13457,,vv34626Plant-pathogen_interaction,
108,VIT_16s0022g01420,1406,0.6809,Unknown protein,,,,
109,VIT_00s1512g00010,1391,0.6752,Fibrillin-11,,,,
110,VIT_16s0013g01500,1382,0.6712,Disease resistance protein,,,,
111,VIT_00s0181g00040,1375,0.6627,TIR1 (transport inhibitor response 1),TIR1,,vv30003Auxin_signaling,
112,VIT_05s0020g04560,1365,0.6594,Armadillo/beta-catenin repeat protein / U-box domain-containing protein,,,,
113,VIT_05s0020g04210,1360,0.6592,Sulfate adenylyltransferase 3,E2_7_7_4,,vv10230Purine_metabolism,vv10450Selenoamino_acid_metabolism
114,VIT_18s0072g00160,1357,0.6562,Peroxidase 12,E1_11_1_7,,vv10360Phenylalanine_metabolism,vv10680Methane_metabolism
115,VIT_05s0077g01280,1337,0.6490,Glycosyl hydrolase family 3 beta xylosidase BXL1,,,,
116,VIT_08s0105g00200,1341,0.6485,U-box domain-containing protein,,,,
117,VIT_06s0004g05170,1340,0.6470,Lectin protein kinase,,,,
118,VIT_08s0040g03220,1344,0.6455,LCL1 (LHY/CCA1-like 1),LCL1,,vv34710Circadian_rhythm,vv60045MYBrelated
119,VIT_18s0001g14890,1328,0.6450,ABA-responsive element-binding protein 3 (AREB3),AREB3_3,VvbZIP49,vv30001ABA_signaling,vv60012BZIP
120,VIT_01s0026g00290,1323,0.6382,No hit,,,,
121,VIT_19s0085g00160,1315,0.6368,CF9,K13446,,vv34626Plant-pathogen_interaction,
122,VIT_08s0058g00990,1313,0.6358,Peroxidase,E1_11_1_7,,vv10360Phenylalanine_metabolism,vv10680Methane_metabolism
123,VIT_08s0007g01550,1302,0.6345,Laccase,E1_10_3_2,,vv11000Single_reactions,vv50109Incompletely_characterized_transport_systems
124,VIT_11s0016g00570,1297,0.6327,Dimethylaniline monooxygenase (N-oxide forming) 2,E1_14_13_8,,vv11000Single_reactions,
125,VIT_09s0002g00220,1306,0.6306,Avr9/Cf-9 rapidly elicited protein 132,,,,
126,VIT_18s0001g11620,1297,0.6275,WAK receptor protein kinase,,,,
127,VIT_12s0034g02220,1288,0.6237,RKF3 (receptor-like kinase IN in flowers 3),,,,
128,VIT_12s0034g02570,1284,0.6233,Leucine Rich Repeat receptor-like kinase,,,,
129,VIT_04s0008g06850,1289,0.6224,Biopterin transport-related protein BT1,BIOPTERIN,,vv50125Porters_cat_66_to_94,
130,VIT_03s0038g02480,1282,0.6223,SKP1,K03094,,vv24120Ubiquitin_mediated_proteolysis,vv24141Protein_processing_in_endoplasmic_reticulum
131,VIT_18s0089g00690,1279,0.6197,CF9,K13446,,vv34626Plant-pathogen_interaction,
132,VIT_18s0001g08270,1272,0.6175,Amino acid permease 6,AAP6,,vv50123Porters_cat_18_to_29,
133,VIT_13s0047g01060,1269,0.6145,No hit,,,,
134,VIT_16s0050g02220,1254,0.6081,Acidic endochitinase (CHIB1),E3_2_1_14,,vv10530Aminosugars_metabolism,
135,VIT_12s0028g02530,1255,0.6080,Zinc finger (C3HC4-type ring finger),ZFC3HC4_36,,vv60078Other_zf-C3HC4,
136,VIT_05s0020g03240,1254,0.6076,S-receptor kinase,,,,
137,VIT_09s0002g06900,1250,0.6024,NtEIG-A1,,,,
138,VIT_12s0028g02010,1227,0.5933,PMR5 (powdery mildew resistant 5),,,,
139,VIT_01s0010g01090,1239,0.5928,Peroxidase ATP23a,E1_11_1_7,,vv10360Phenylalanine_metabolism,vv10680Methane_metabolism
140,VIT_11s0016g01010,1226,0.5903,Serine/threonine-protein kinase NAK,,,,
141,VIT_11s0016g04320,1222,0.5901,Nudix hydrolase 20,,,,
142,VIT_12s0035g00150,1213,0.5877,Leucine Rich Repeat receptor-like kinase,,,,
143,VIT_00s0131g00140,1208,0.5867,Annexin ANN3,ANN3,,vv50101Channels_and_pores,
144,VIT_11s0016g04300,1209,0.5841,Nudix hydrolase 20  chloroplast precursor (AtNUDT20),,,,
145,VIT_06s0004g00510,1177,0.5705,No hit,,,,
146,VIT_01s0010g03210,1171,0.5652,HcrVf1 protein,,,,
147,VIT_16s0013g01950,1166,0.5649,Hexose transporter [Vitis vinifera],VVHT4,,vv50121Porters_cat_1_to_6,
148,VIT_17s0000g03230,1158,0.5613,Alpha-mannosidase,E3_2_1_113,,vv10510N-Glycan_biosynthesis,vv11030Glycan_structures-biosynthesis1
149,VIT_17s0000g05520,1155,0.5591,Calcium-dependent protein kinase 30 CPK30,CPK30,,vv34626Plant-pathogen_interaction,
150,VIT_01s0026g02370<br>VIT_01s0026g02390,1145,0.5572,
151,VIT_07s0104g01260,1145,0.5561,flavin-containing monooxygenase,E1_14_13_8,,vv11000Single_reactions,
152,VIT_00s0409g00010,1146,0.5510,Receptor kinase RK20-1,,,,
153,VIT_01s0011g04700,1134,0.5502,Heavy-metal-associated domain-containing protein,,,,
154,VIT_18s0072g00980,1143,0.5495,Leucine-rich repeat protein kinase,,,,
155,VIT_16s0039g01240<br>VIT_16s0039g01360<br>VIT_16s0039g01130<br>VITisv_009233<br>VIT_16s0039g01100<br>VIT_00s2508g00010<br>VITisv_032212<br>VIT_16s0039g01120<br>VIT_16s0039g01320<br>VIT_00s2849g00010<br>VIT_16s0039g01300<br>VIT_16s0039g01170<br>VIT_16s0039g01280,1127,0.5458,
156,VIT_10s0071g00190,1139,0.5458,R protein disease resistance protein,RPROT,,vv34627R_proteins_from_Plant-pathogen_interaction,
157,VIT_16s0050g01900,1125,0.5451,Leucine-rich repeat protein kinase,,,,
158,VIT_13s0067g03750,1124,0.5443,Stigma/style ABC transporter WBC19,WBC19,,vv52010ABC_transporters,
159,VIT_16s0050g01930,1110,0.5326,EIX receptor 2,,,,
160,VIT_13s0047g00950,1096,0.5323,R protein MLA10,K13475,,vv34627R_proteins_from_Plant-pathogen_interaction,
161,VIT_01s0026g01070,1104,0.5300,Unknown protein,,,,
162,VIT_16s0050g02190,1084,0.5257,Unknown,,,,
163,VIT_11s0016g03080,1084,0.5254,Clavata1 receptor kinase (CLV1),,,,
164,VIT_19s0014g01180,1086,0.5239,Pathogenesis-related,,,,
165,VIT_13s0019g05250,1078,0.5236,Malate dehydrogenase [NADP]  chloroplast precursor (NADP-MDH),E1_1_1_82,,vv10620Pyruvate_metabolism,vv10710Carbon_fixation
166,VIT_05s0020g03280,1070,0.5117,Copper amine oxidase,E1_4_3_4,,vv10220Urea_cycle_and_metabolism_of_amino_groups,vv10340Histidine_metabolism
167,VIT_14s0036g00930,1054,0.5102,Polyubiquitin (UBQ4),,,,
168,VIT_17s0000g03340,1058,0.5096,Wall-associated kinase 4,,,,
169,VIT_19s0014g01110,1058,0.5089,Curculin (mannose-binding) lectin,,,,
170,VIT_15s0048g00510,1032,0.4998,Pectinesterase family,E3_1_1_11,,vv40006Cell_wall,
171,VIT_02s0025g02650,1030,0.4973,Cellulase CEL2,E3_2_1_4,,vv40006Cell_wall,
172,VIT_17s0000g07400,1023,0.4968,Disease resistance protein (EDS1),EDS1,,vv30011Jasmonate_signaling,
173,VIT_00s0189g00080,1025,0.4959,ADP-ribosylation factor,,,,
174,VIT_11s0037g00640,1019,0.4927,No hit,,,,
175,VIT_04s0008g00330,1001,0.4826,Clavata1 receptor kinase (CLV1),,,,
176,VIT_18s0001g10410,995,0.4818,Triacylglycerol lipase,E3_1_1_3,,vv10561Glycerolipid_metabolism,
177,VIT_07s0031g01380,984,0.4772,ferulate 5-hydroxylase,K09755,,vv10940Phenylpropanoid_biosynthesis,
178,VIT_04s0023g00620,983,0.4758,Unknown,,,,
179,VIT_13s0019g03180,978,0.4745,Unknown protein,,,,
180,VIT_15s0048g02200,980,0.4727,Caffeoyl-CoA O-methyltransferase,E2_1_1_104,,vv10940Phenylpropanoid_biosynthesis,
181,VIT_03s0088g00780,963,0.4707,Pathogenesis-related protein 1 precursor (PRP 1),PRP1,,vv30011Jasmonate_signaling,vv34626Plant-pathogen_interaction
182,VIT_00s0229g00170,972,0.4698,Unknown protein,,,,
183,VIT_13s0019g01360,975,0.4683,Unknown,,,,
184,VIT_09s0054g00300,971,0.4677,Disease resistance,,,,
185,VIT_05s0020g02570,970,0.4655,Unknown protein,,,,
186,VIT_13s0084g00310,965,0.4644,ACI112,,,,
187,VIT_04s0008g00740,957,0.4630,Protein phosphatase 2C,E3_1_3_16,,,
188,VIT_14s0068g01040,953,0.4615,Ethylene-responsive transcription factor ERF113,ERF113,VvERF120,vv30008Ethylene_signaling,vv60003AP2_EREBP
189,VIT_03s0088g01240,949,0.4607,Basic helix-loop-helix (bHLH) family,BHLHDOM_74,,vv60011BHLH,
190,VIT_07s0031g03060,949,0.4573,NSL1 (necrotic spotted lesions 1),,,,
191,VIT_07s0031g00980,943,0.4540,Aspartate aminotransferase,E2_6_1_1,vv10710Carbon_fixation,vv10252Alanine_and_aspartate_metabolism,vv10272Cysteine_metabolism
192,VIT_16s0050g00410,936,0.4528,Photoassimilate-responsive protein PAR-1a,,,,
193,VIT_18s0089g00630,925,0.4482,CF4,K13470,,vv34626Plant-pathogen_interaction,
194,VIT_00s0471g00020,924,0.4470,Unknown,,,,
195,VIT_17s0000g00940,931,0.4465,F-box protein,,,,
196,VIT_00s0388g00010,926,0.4458,Serine/threonine kinase,,,,
197,VIT_07s0031g03040,919,0.4455,Calmodulin-binding protein,,,,
198,VIT_00s2745g00010,921,0.4451,Receptor kinase RK20-1,,,,
199,VIT_13s0067g01890,920,0.4451,Glycosyl hydrolase family 85,,,,
200,VIT_18s0089g00120,910,0.4448,No hit,,,,
201,VIT_10s0042g00700,921,0.4443,Leucine-rich repeat receptor-like protein kinase 1,,,,
202,VIT_18s0001g01460,918,0.4413,No hit,,,,
203,VIT_19s0014g01720,905,0.4410,Sodium/calcium exchanger family protein,NACAEX,,vv50123Porters_cat_18_to_29,
204,VIT_16s0022g02410,916,0.4395,Oxidoreductase,,,,
205,VIT_12s0028g00200,900,0.4331,Unknown protein,,,,
206,VIT_07s0005g05500,893,0.4322,Unknown protein,,,,
207,VIT_05s0102g01070,886,0.4276,No hit,,,,
208,VIT_16s0013g01540,880,0.4270,Ubiquinol-cytochrome C chaperone,,,,
209,VIT_12s0028g02840,883,0.4266,Isoflavone methyltransferase/Orcinol O-methyltransferase 2 oomt2,E2_1_1_46,,vv10943Isoflavonoid_biosynthesis,
210,VIT_09s0002g06120,877,0.4261,Biotin carboxyl carrier protein of acetyl-CoA carboxylase,E6_4_1_2,,vv10061Fatty_acid_biosynthesis,vv10620Pyruvate_metabolism
211,VIT_00s0262g00020,880,0.4247,Receptor kinase RK20-1,,,,
212,VIT_07s0104g00990,882,0.4242,No hit,,,,
213,VIT_12s0028g00590,872,0.4229,3-hydroxyisobutyryl-CoA hydrolase,E3_1_2_4,,vv10280Valine_leucine_and_isoleucine_degradation,vv10410Beta-alanine_metabolism
214,VIT_19s0085g00440,866,0.4176,R protein MLA10,K13475,,vv34627R_proteins_from_Plant-pathogen_interaction,
215,VIT_18s0122g01260,855,0.4128,Protein kinase 1B,,,,
216,VIT_03s0017g00020,853,0.4127,No hit,,,,
217,VIT_08s0007g06060,852,0.4126,Beta 1-3 glucanase,E3_2_1_6,,,
218,VIT_17s0000g03660,853,0.4115,NAC domain containing protein 58,NAC058,VvNAC06,vv60046NAC,
219,VIT_19s0085g00060,840,0.4106,ABC transporter B member 11,K05664,,vv52010ABC_transporters,
220,VIT_03s0017g01040,841,0.4083,Cis-zeatin O-beta-D-glucosyltransferase,E2_4_1_215,,vv10908Zeatin_biosynthesis,
221,VIT_19s0014g03770,839,0.4075,Retrotransposon,,,,
222,VIT_00s0218g00060,842,0.4072,Methylmalonate semi-aldehyde dehydrogenase,E1_2_1_27,,vv10280Valine_leucine_and_isoleucine_degradation,vv10640Propanoate_metabolism
223,VIT_06s0004g02020,843,0.4055,No hit,,,,
224,VIT_01s0011g02200,831,0.4014,Glutamine synthetase,E6_3_1_2,,vv10251Glutamate_metabolism,vv10550Peptidoglycan_biosynthesis
225,VIT_14s0068g01250,832,0.4010,Mitochondrial phosphate transporter,MPHOSPTR,,vv50123Porters_cat_18_to_29,
226,VIT_04s0008g01050,824,0.4006,Unknown,,,,
227,VIT_05s0020g03750,830,0.3998,Protease inhibitor/seed storage/lipid transfer protein (LTP),,,,
228,VIT_00s0480g00060,815,0.3943,Polyphenol oxidase [Vitis vinifera],E1_10_3_1,,vv10350Tyrosine_metabolism,vv50109Incompletely_characterized_transport_systems
229,VIT_11s0118g00160,814,0.3942,Disease resistance protein,,,,
230,VIT_07s0255g00030,817,0.3939,Lipase GDSL,,,,
231,VIT_08s0007g02370,814,0.3915,Unknown,,,,
232,VIT_00s0203g00120,804,0.3893,Jumonji (jmjC),JMJD1C_4,,vv60038Jumonji,
233,VIT_00s0262g00090,799,0.3867,Receptor kinase RK20-1,,,,
234,VIT_17s0000g05360,798,0.3842,Germin,,,,
235,VIT_04s0008g03410,790,0.3824,Unknown protein,,,,
236,VIT_11s0016g05380,787,0.3815,Acidic leucine-rich nuclear phosphoprotein 32 member E,,,,
237,VIT_09s0018g01660,788,0.3805,Biopterin transport-related protein BT1,BIOPTERIN,,vv50125Porters_cat_66_to_94,
238,VIT_15s0045g00070,791,0.3785,Aminopeptidase,,,,
239,VIT_00s0409g00060,779,0.3765,Cysteine-rich receptor-like protein kinase 25,,,,
240,VIT_18s0041g00230,777,0.3763,TIR-NBS-LRR disease resistance,,,,
241,VIT_00s0780g00040,776,0.3760,RGLG2 (ring Domain LIGASE2),RGLG2,,vv50004Auxin_transport,
242,VIT_12s0034g01170,775,0.3758,Patatin,,,,
243,VIT_04s0008g06930,775,0.3728,Transposase  IS4,,,,
244,VIT_01s0011g05450,767,0.3716,Unknown protein,,,,
245,VIT_05s0029g01260,763,0.3704,Unknown protein,,,,
246,VIT_03s0038g01080,760,0.3684,Auxin responsive SAUR protein,SAUR,,vv30003Auxin_signaling,
247,VIT_01s0011g05360,760,0.3664,High mobility group protein HMGI/Y-1,HMGIY_5,,vv60035HMG,
248,VIT_13s0047g00740,760,0.3663,Disease resistance protein (NBS class),,,,
249,VIT_01s0010g03430,754,0.3658,HcrVf1 protein,,,,
250,VIT_19s0014g04140,760,0.3652,S-locus protein kinase,,,,
251,VIT_19s0027g01230,757,0.3648,CF4,K13470,,vv34626Plant-pathogen_interaction,
252,VIT_08s0007g01560,755,0.3646,Photoassimilate-responsive protein,,,,
253,VIT_18s0001g15220,751,0.3635,Unknown protein,,,,
254,VIT_18s0041g00220,752,0.3629,TIR-NBS-LRR disease resistance,,,,
255,VIT_07s0005g04020,750,0.3621,Leucine Rich Repeat receptor-like kinase,,,,
256,VIT_12s0057g00950,745,0.3599,No hit,,,,
257,VIT_14s0108g01190,734,0.3549,No hit,,,,
258,VIT_09s0018g01190,735,0.3547,Anthranilate N-benzoyltransferase,E2_3_1_144,,vv10400Phenylalanine_tyrosine_and_tryptophan_biosynthesis,
259,VIT_13s0067g00240,734,0.3536,Binding,,,,
260,VIT_18s0001g11240,722,0.3522,MAPKKK5 (Mitogen-activated protein kinase kinase kinase 5),,,,
261,VIT_01s0011g03850,730,0.3518,Unknown protein,,,,
262,VIT_05s0077g01730,725,0.3518,Unknown,,,,
263,VIT_00s1547g00010<br>VIT_00s1596g00010,728,0.3517,
264,VIT_18s0001g06880,730,0.3516,Aminoacyl-tRNA synthetase  class Ia,E6_1_1_7,,vv10252Alanine_and_aspartate_metabolism,vv20970Aminoacyl-tRNA_biosynthesis
265,VIT_00s0229g00160,726,0.3506,formyltetrahydrofolate deformylase,E3_5_1_10,,vv10630Glyoxylate_and_dicarboxylate_metabolism,vv10670One_carbon_pool_by_folate
266,VIT_18s0001g02460,719,0.3489,Unknown protein,,,,
267,VIT_16s0098g01220,722,0.3476,RabGAP/TBC domain-containing protein,,,,
268,VIT_04s0008g01100,713,0.3453,CYP706A12,,,,
269,VIT_16s0013g01760,709,0.3432,Derlin-1,K11519,,vv24141Protein_processing_in_endoplasmic_reticulum,vv50133Primary_active_transporter_cat_A9_to_A18
270,VIT_19s0014g04080,702,0.3419,Serine/threonine-protein kinase receptor ARK3,,,,
271,VIT_06s0009g02670,701,0.3410,Unknown,,,,
272,VIT_04s0008g00350,699,0.3400,Clavata1 receptor kinase (CLV1),,,,
273,VIT_13s0067g02360,694,0.3377,Peroxidase  class III,E1_11_1_7,,vv10360Phenylalanine_metabolism,vv10680Methane_metabolism
274,VIT_08s0007g02630,686,0.3341,Secoisolariciresinol dehydrogenase,SIRD,,vv10940Phenylpropanoid_biosynthesis,
275,VIT_04s0008g05470,693,0.3330,EIN3-binding F-box protein 2,EBF2,,vv30008Ethylene_signaling,
276,VIT_07s0141g00120,681,0.3299,No hit,,,,
277,VIT_12s0035g00010,681,0.3293,DNA (cytosine-5)-methyltransferase (ATHIM),E2_1_1_37,,vv10271Methionine_metabolism,
278,VIT_07s0141g00930,679,0.3285,33 kDa secretory protein,,,,
279,VIT_04s0044g00840,677,0.3280,S-receptor kinase,,,,
280,VIT_17s0000g07370,674,0.3269,EDS1 (Enhanced disease susceptibility 1),EDS1,,vv30011Jasmonate_signaling,
281,VIT_00s0187g00010,676,0.3259,No hit,,,,
282,VIT_01s0182g00150,674,0.3247,PHO1-like protein,PHO1,,vv50125Porters_cat_66_to_94,
283,VIT_01s0026g00280,668,0.3229,Trehalose 6-phosphate synthase,E2_4_1_15,,vv10500Starch_and_sucrose_metabolism,
284,VIT_14s0128g00730,667,0.3219,No hit,,,,
285,VIT_01s0011g02320,667,0.3216,Unknown protein,,,,
286,VIT_14s0068g02290,662,0.3193,Disease resistance protein,K13466,,vv34626Plant-pathogen_interaction,
287,VIT_01s0010g02170,657,0.3174,CAAX amino terminal protease,,,,
288,VIT_00s0391g00070,656,0.3161,3-deoxy-D-arabino-heptulosonate 7-phosphate synthase,E2_5_1_54,,vv10400Phenylalanine_tyrosine_and_tryptophan_biosynthesis,
289,VIT_15s0045g01360,656,0.3158,No hit,,,,
290,VIT_17s0000g07960,656,0.3158,Ubiquitin-conjugating enzyme E2 H,K10576,,vv24120Ubiquitin_mediated_proteolysis,
291,VIT_03s0017g01140,648,0.3129,Cis-zeatin O-beta-D-glucosyltransferase,E2_4_1_215,,vv10908Zeatin_biosynthesis,
292,VIT_17s0000g03560,650,0.3127,(myb domain protein 62,MYB62_1,MYB164,vv60044MYB,
293,VIT_04s0008g03370,646,0.3124,YebC,,,,
294,VIT_14s0060g01180,641,0.3124,KNAT2 (knotted1-like homeobox gene 6),KNAT6_2,VvHB49,vv60034HB,
295,VIT_12s0034g02600,647,0.3120,Leucine Rich Repeat receptor-like kinase,,,,
296,VIT_11s0016g05370,639,0.3099,Phospholipase D alpha 1 precursor (PLD 1) (Choline phosphatase 1),PLDA1,,vv10564Glycerophospholipid_metabolism,vv10565Ether_lipid_metabolism
297,VIT_05s0094g00320,638,0.3084,Chitinase  class IV [Vitis vinifera],E3_2_1_14,,vv10530Aminosugars_metabolism,
298,VIT_18s0001g03860,635,0.3068,Unknown protein,,,,
299,VIT_05s0049g01420,636,0.3067,Peroxisomal membrane protein PMP22,,,,
300,VIT_13s0156g00160,631,0.3048,Unknown,,,,
301,VIT_07s0005g05140,627,0.3045,Zinc finger (HIT type) family protein,ZFHIT_2,,vv60080Other_zf,
302,VIT_18s0001g05300,630,0.3041,Trehalose-6-phosphate phosphatase,E3_1_3_12,,vv10500Starch_and_sucrose_metabolism,
303,VIT_18s0001g07470,631,0.3032,Ulp1 protease,,,,
304,VIT_00s0179g00370,625,0.3021,ESCRT-I complex subunit TSG101,VPS23,,vv50111Tethering_factors,
305,VIT_08s0007g08420,623,0.3017,R protein MLA10,K13475,,vv34627R_proteins_from_Plant-pathogen_interaction,
306,VIT_13s0084g00130,620,0.2984,CXE carboxylesterase,E3_1_1_1,,,
307,VIT_18s0072g00990,608,0.2962,Leucine-rich repeat protein kinase,,,,
308,VIT_01s0011g02510,610,0.2961,Zinc finger (DNL type),ZFDNL_1,,vv60080Other_zf,
309,VIT_06s0061g00100,610,0.2945,Glucan endo-1 3-beta-glucosidase  acidic isoform precursor,E3_2_1_39,,vv10500Starch_and_sucrose_metabolism,
310,VIT_09s0002g01300,604,0.2925,Retrotransposon,,,,
311,VIT_14s0006g03250,605,0.2914,AWPM-19,AWPM19,,vv30001ABA_signaling,
312,VIT_18s0001g15120,593,0.2887,Unknown protein,,,,
313,VIT_07s0005g04060,594,0.2875,Leucine Rich Repeat receptor-like kinase,,,,
314,VIT_12s0057g01450,588,0.2845,Subtilisin protease,,,,
315,VIT_08s0058g00320,588,0.2839,Ubiquitin activating enzyme E1,K03178,,vv24120Ubiquitin_mediated_proteolysis,
316,VIT_18s0001g12310,588,0.2838,Ovate family protein 7 OFP7,OFP7_2,,vv60086OFP,
317,VIT_17s0000g02540,586,0.2836,CTR1 kinase kinase kinase,CTR1,,vv30008Ethylene_signaling,
318,VIT_01s0011g06080,585,0.2833,Lectin protein kinase family,,,,
319,VIT_05s0136g00140,583,0.2825,AarF domain containing kinase,K08869,,,
320,VIT_08s0056g00630,583,0.2814,Acid phosphatase,E3_1_3_2,,vv10740Riboflavin_metabolism,
321,VIT_17s0000g03510,578,0.2794,Serine/threonine kinase BRLK,,,,
322,VIT_07s0031g03070,574,0.2786,Isoflavone reductase,E1_3_1_45,,vv10943Isoflavonoid_biosynthesis,
323,VIT_13s0067g02420,578,0.2782,No hit,,,,
324,VIT_07s0031g01130,577,0.2781,Ascorbate oxidase,E1_10_3_3,,vv10053Ascorbate_and_aldarate_metabolism,vv50109Incompletely_characterized_transport_systems
325,VIT_04s0023g00490,569,0.2762,Auxin responsive SAUR protein,SAUR,,vv30003Auxin_signaling,
326,VIT_16s0013g00700,572,0.2754,Multidrug resistance-associated protein 3,MRP3,,vv52010ABC_transporters,
327,VIT_13s0019g04040,565,0.2747,Serine carboxypeptidase 28 (SCPL28),,,,
328,VIT_12s0035g00120,562,0.2728,Hcr2-p6,,,,
329,VIT_13s0067g03260,559,0.2708,Pheophorbidase,E3_1_1_82,,vv10860Porphyrin_and_chlorophyll_metabolism,
330,VIT_11s0016g00860,554,0.2683,Strictosidine synthase; Quinoprotein amine dehydrogenase  beta chain,E4_3_3_2,,vv10900Terpenoid_biosynthesis,vv10902Monoterpenoid_biosynthesis
331,VIT_05s0094g00890,554,0.2680,Haloacid dehalogenase hydrolase,E3_1_3_18,,vv10630Glyoxylate_and_dicarboxylate_metabolism,
332,VIT_04s0008g00150,551,0.2671,NAC domain containing protein 36,NAC036_1,VvNAC04,vv60046NAC,
333,VIT_14s0006g00350,548,0.2652,Glutamine synthetase cytosolic isozyme 2,E6_3_1_2,,vv10251Glutamate_metabolism,vv10550Peptidoglycan_biosynthesis
334,VIT_15s0045g00020,546,0.2648,No hit,,,,
335,VIT_13s0106g00070,549,0.2638,Ankyrin repeat protein,K10380,,vv50108Accessory_factors_involved_in_transport,
336,VIT_08s0007g05490,544,0.2633,Pyruvate kinase,E2_7_1_40,,vv10010Glycolysis,vv10230Purine_metabolism
337,VIT_13s0019g01700,541,0.2631,Scarecrow transcription factor 14 (SCL14),SCL14_1,,vv60032GRAS,
338,VIT_09s0002g02990,545,0.2630,FRK1 (FLG22-induced receptor-like kinase 1),FRK1,,vv34626Plant-pathogen_interaction,
339,VIT_18s0075g00670,541,0.2606,Laccase,E1_10_3_2,,vv11000Single_reactions,vv50109Incompletely_characterized_transport_systems
340,VIT_15s0045g01310,530,0.2589,UMP-CMP kinase,E2_7_4_14,,vv10240Pyrimidine_metabolism,
341,VIT_04s0008g05060,531,0.2568,C-5 cytosine-specific DNA methylase,E2_1_1_37,,vv10271Methionine_metabolism,
342,VIT_11s0037g01110,519,0.2522,Unknown protein,,,,
343,VIT_09s0002g05820,520,0.2515,Unknown,,,,
344,VIT_18s0166g00260,516,0.2493,No hit,,,,
345,VIT_11s0118g00090,516,0.2493,Leucine-rich repeat family protein,,,,
346,VIT_04s0008g00370,509,0.2474,Clavata1 receptor kinase (CLV1),,,,
347,VIT_01s0113g00430,510,0.2471,Mitotic checkpoint protein BUB3,K02180,,vv44110Cell_cycle,vv50109Incompletely_characterized_transport_systems
348,VIT_10s0003g03090,509,0.2458,3-beta hydroxysteroid dehydrogenase,E1_1_1_145,,vv10140C21-Steroid_hormone_metabolism,
349,VIT_14s0006g01120,497,0.2409,Lipase GDSL,,,,
350,VIT_18s0166g00040,498,0.2394,Protein kinase Xa21,,,,
351,VIT_14s0030g00200,494,0.2382,Sugar transporter ERD6-like 5,ERD6L5,,vv50121Porters_cat_1_to_6,
352,VIT_12s0059g02150,490,0.2373,Aconitate hydratase  cytoplasmic,E4_2_1_3,,vv10020Citrate_cycle,vv10630Glyoxylate_and_dicarboxylate_metabolism
353,VIT_14s0068g00240,487,0.2354,Rough sheath2-interacting KH-domain protein,,,,
354,VIT_14s0068g01730,492,0.2352,ABCNAP14,K02006,,vv52010ABC_transporters,
355,VIT_13s0064g01370,484,0.2337,Polygalacturonase inhibiting protein 1 PGIP1,PGIP,,,
356,VIT_00s2648g00010,483,0.2334,FAD-dependent pyridine nucleotide-disulphide oxidoreductase,,,,
357,VIT_18s0001g12840,483,0.2327,ADP-glucose pyrophosphorylase large subunit CagpL2,E2_7_7_27,,vv10500Starch_and_sucrose_metabolism,
358,VIT_11s0065g00520,483,0.2322,Small G protein / RhoGAP,RHOGAP,,vv50109Incompletely_characterized_transport_systems,
359,VIT_19s0085g01000,480,0.2320,RGLG2 (ring Domain LIGASE2),RGLG2,,vv50004Auxin_transport,
360,VIT_08s0040g02830,478,0.2301,Calcium-transporting ATPase 1  endoplasmic reticulum-type ECA1,K01537,,vv34020Calcium_signaling_pathway,vv50131Primary_active_transporter_cat_A2_to_A4
361,VIT_06s0004g02280,473,0.2301,Translocation protein SEC62,K12275,,vv23060Protein_export,vv24141Protein_processing_in_endoplasmic_reticulum
362,VIT_04s0008g02510,475,0.2298,Receptor kinase homolog LRK10,,,,
363,VIT_03s0038g04510,473,0.2296,Chaperone BCS1 mitochondrial,K08900,,,
364,VIT_10s0003g04820,471,0.2275,No hit,,,,
365,VIT_05s0020g01770,463,0.2239,PBS1 (avrPphB susceptible 1),K13430,,vv34626Plant-pathogen_interaction,
366,VIT_10s0003g05210,462,0.2232,Wall-associated kinase 1 (WAK1),,,,
367,VIT_15s0046g00390,460,0.2220,Seven in absentia SINA4,K04506,,vv24120Ubiquitin_mediated_proteolysis,
368,VIT_01s0011g05890,459,0.2205,S-adenosyl-L-methionine:salicylic acid carboxyl methyltransferase,SAMTBSCMT,,vv10360Phenylalanine_metabolism,
369,VIT_11s0016g01670,458,0.2190,Ankyrin repeat,,,,
370,VIT_04s0008g04510,452,0.2187,Potassium channel K+ rectifying channel 1,ATKC1,,vv50101Channels_and_pores,
371,VIT_16s0022g01660,445,0.2147,Receptor kinase homolog LRK10,,,,
372,VIT_07s0005g01470,440,0.2129,Unknown protein,,,,
373,VIT_11s0065g00430,436,0.2114,No hit,,,,
374,VIT_11s0016g02780,430,0.2098,Myb domain protein 68,MYB68_1,MYB154,vv60044MYB,
375,VIT_01s0113g00300,428,0.2072,No hit,,,,
376,VIT_19s0093g00500,426,0.2068,F-box family protein,,,,
377,VIT_13s0019g01340,426,0.2051,DC1 domain-containing protein,,,,
378,VIT_13s0019g01310,421,0.2035,DC1 domain-containing protein,,,,
379,VIT_09s0054g00900,417,0.2033,Chaperone BCS1 mitochondrial,K08900,,,
380,VIT_05s0020g03430,418,0.2029,Imidazoleglycerol-phosphate dehydratase,E4_2_1_19,,vv10340Histidine_metabolism,
381,VIT_10s0092g00220,418,0.2027,Integral membrane family protein UPF0497,,,,
382,VIT_16s0039g00840,414,0.2006,CYP89A6,,,,
383,VIT_00s0246g00020,413,0.2005,No hit,,,,
384,VIT_18s0001g15150,411,0.1988,Unknown protein,,,,
385,VIT_06s0004g06050,404,0.1950,Thioesterase family,,,,
386,VIT_18s0001g06650,402,0.1946,Basic helix-loop-helix (bHLH) family,BHLH096_1,,vv60011BHLH,
387,VIT_08s0007g04100,402,0.1935,CYPLXXVIA2,,,,
388,VIT_00s0187g00020,396,0.1924,No hit,,,,
389,VIT_10s0003g00830,398,0.1920,Sodium/calcium exchanger family protein,NACAEX,,vv50123Porters_cat_18_to_29,
390,VIT_02s0025g05120,394,0.1908,ACT domain-containing protein (ACR8),,,,
391,VIT_03s0091g00440,386,0.1873,Pentatricopeptide (PPR) repeat-containing protein,,,,
392,VIT_15s0046g01140,385,0.1858,WRKY DNA-binding protein 53,WRKY53_3,VvWRKY47,vv60066WRKY,
393,VIT_16s0098g01210,377,0.1825,No hit,,,,
394,VIT_06s0004g07020,376,0.1817,Ethylene overproducer 1 (ETO1),ETO1_3,,vv30008Ethylene_signaling,vv60093TRAF
395,VIT_06s0061g00120,376,0.1813,Beta-1 3-glucanase [Vitis riparia],E3_2_1_6,,,
396,VIT_13s0019g05010,371,0.1797,Nodulin-like protein,,,,
397,VIT_02s0012g01170,372,0.1791,Pyruvate kinase,E2_7_1_40,,vv10010Glycolysis,vv10230Purine_metabolism
398,VIT_19s0014g00300,368,0.1781,Alpha alpha-trehalose-phosphate synthase,E2_4_1_15,,vv10500Starch_and_sucrose_metabolism,
399,VIT_14s0006g01490,366,0.1769,No hit,,,,
400,VIT_13s0147g00150,365,0.1764,TIR-NBS-LRR-TIR disease resistance protein,,,,
401,VIT_07s0104g00090,361,0.1749,Transparent testa 8 TT8,TT8,,vv60011BHLH,
402,VIT_07s0129g01010,354,0.1724,Unknown,,,,
403,VIT_08s0007g01710,356,0.1723,E-cadherin binding protein,,,,
404,VIT_01s0113g00480,355,0.1719,No hit,,,,
405,VIT_08s0032g00710,353,0.1704,CXE carboxylesterase,E3_1_1_1,,,
406,VIT_12s0028g01320,345,0.1655,Unknown protein,,,,
407,VIT_14s0066g00760,338,0.1637,Disease resistance protein (NBS-LRR class),,,,
408,VIT_02s0154g00600,339,0.1635,Pectinesterase family,E3_1_1_11,,vv40006Cell_wall,
409,VIT_14s0066g02680,338,0.1634,Leucine-rich repeat protein kinase,,,,
410,VIT_18s0001g08060,338,0.1623,Unknown,,,,
411,VIT_08s0007g05430,336,0.1622,Pyruvate kinase,E2_7_1_40,,vv10010Glycolysis,vv10230Purine_metabolism
412,VIT_04s0008g06680,337,0.1618,Unknown protein,,,,
413,VIT_09s0002g00440,336,0.1618,No hit,,,,
414,VIT_00s0283g00060,332,0.1609,Unknown protein,,,,
415,VIT_18s0117g00400,331,0.1598,TIR-NBS-LRR-TIR disease resistance protein,,,,
416,VIT_18s0122g01400,331,0.1596,Exostosin family protein,K02366,,vv11030Glycan_structures-biosynthesis1,
417,VIT_13s0064g00950,328,0.1593,Unknown protein,,,,
418,VIT_10s0042g01620,327,0.1581,No hit,,,,
419,VIT_15s0045g01010,327,0.1577,R protein  PRF  disease resistance protein,K13453,,vv34627R_proteins_from_Plant-pathogen_interaction,
420,VIT_11s0016g01970,317,0.1537,Calmodulin-binding region IQD6,,,,
421,VIT_12s0059g01700,319,0.1531,Unknown protein,,,,
422,VIT_17s0000g10240,314,0.1524,Isocitrate dehydrogenase [NADP],E1_1_1_42,,vv10020Citrate_cycle,vv10720Reductive_carboxylate_cycle
423,VIT_01s0146g00320,313,0.1513,No hit,,,,
424,VIT_16s0098g01640,306,0.1482,No hit,,,,
425,VIT_01s0011g03960,303,0.1465,Protein kinase,,,,
426,VIT_06s0061g01300,299,0.1447,Prephenate dehydratase,E4_2_1_51,,vv10400Phenylalanine_tyrosine_and_tryptophan_biosynthesis,
427,VIT_07s0104g00320,297,0.1445,Glutathione peroxidase 4,E1_11_1_9,,vv10480Glutathione_metabolism,
428,VIT_05s0102g01060,297,0.1437,No hit,,,,
429,VIT_03s0088g00810,292,0.1414,Pathogenesis-related protein 1 precursor (PRP 1),PRP1,,vv30011Jasmonate_signaling,vv34626Plant-pathogen_interaction
430,VIT_00s0527g00010,292,0.1412,Cig3,K14409,,vv23015mRNA_surveillance_pathway,vv30007Cytokinin_signaling
431,VIT_05s0020g00630,291,0.1408,Ethylene-induced calmodulin-binding protein 1,EICBP1_3,,vv30008Ethylene_signaling,vv30011Jasmonate_signaling
432,VIT_17s0000g09710,286,0.1394,Leucine-rich repeat transmembrane protein kinase,,,,
433,VIT_19s0177g00250,286,0.1387,PDF2 (protodermal factor2),PDF2_1,,vv60034HB,
434,VIT_11s0052g01530,288,0.1381,MATE efflux family protein,MATE,,vv50125Porters_cat_66_to_94,
435,VIT_14s0060g01420,285,0.1378,Unknown protein,,,,
436,VIT_18s0166g00210,280,0.1361,Regulator of chromosome condensation (RCC1),RCC1,,vv50112Nuclear_pore_complex,
437,VIT_09s0002g03020,276,0.1340,FRK1 (FLG22-induced receptor-like kinase 1),FRK1,,vv34626Plant-pathogen_interaction,
438,VIT_07s0151g01040,274,0.1329,Ent-kaurene synthase A  chloroplast precursor,E5_5_1_13,,vv10904Diterpenoid_biosynthesis,
439,VIT_19s0014g01150,275,0.1325,Curculin (mannose-binding) lectin,,,,
440,VIT_17s0000g00640,273,0.1319,No hit,,,,
441,VIT_02s0025g02570,273,0.1313,CYP78A8,K00517,,vv10902Monoterpenoid_biosynthesis,vv10940Phenylpropanoid_biosynthesis
442,VIT_05s0020g02580,269,0.1298,Pentatricopeptide (PPR) repeat-containing,,,,
443,VIT_18s0001g08820,267,0.1292,Unknown protein,,,,
444,VIT_05s0124g00240,264,0.1281,Basic helix-loop-helix (bHLH) family,BHLHDOM_61,,vv60011BHLH,
445,VIT_18s0041g02450,265,0.1280,RPS5 (resistant to p. syringae 5),K13460,,vv34627R_proteins_from_Plant-pathogen_interaction,
446,VIT_01s0011g02960,264,0.1275,Leucoanthocyanidin reductase 1,E1_17_1_3,,vv10941Flavonoid_biosynthesis,
447,VIT_02s0025g00400,264,0.1274,D111/G-patch domain-containing protein,,,,
448,VIT_10s0003g01790,262,0.1257,BES1/BZR1 homolog protein 4,BES1_1,,vv30005Brassinosteroids_signaling,vv60010BES1
449,VIT_03s0088g00710,259,0.1254,Pathogenesis-related protein 1 precursor (PRP 1),PRP1,,vv30011Jasmonate_signaling,vv34626Plant-pathogen_interaction
450,VIT_15s0045g00880<br>VIT_15s0045g00980,258,0.1242,
451,VIT_06s0004g00690,255,0.1232,Calmodulin-binding region IQ,,,,
452,VIT_18s0001g07480,253,0.1218,Ulp1 protease,,,,
453,VIT_06s0004g06210,250,0.1209,CYP86A1,,,,
454,VIT_17s0000g03380,249,0.1206,Calmodulin binding protein,K02183,,vv34020Calcium_signaling_pathway,vv34626Plant-pathogen_interaction
455,VIT_00s1212g00020,247,0.1201,Laccase,E1_10_3_2,,vv11000Single_reactions,vv50109Incompletely_characterized_transport_systems
456,VIT_16s0039g00320,249,0.1197,Alcohol dehydrogenase 1,E1_1_1_1,,vv10010Glycolysis,vv10071Fatty_acid_metabolism
457,VIT_18s0001g02420,247,0.1194,Aspartic proteinase Asp1 precursor,E3_4_23_x,,,
458,VIT_01s0011g03730,246,0.1188,(myb domain protein 62,MYB62_2,MYB163,vv60044MYB,
459,VIT_04s0008g05110,243,0.1172,Unknown,,,,
460,VIT_08s0007g01810,241,0.1170,ANTR2 (anion transporter 2,ANTR2,,vv50121Porters_cat_1_to_6,
461,VIT_03s0088g00750,243,0.1168,Pathogenesis related protein 1 precursor [Vitis vinifera],PRP1,,vv30011Jasmonate_signaling,vv34626Plant-pathogen_interaction
462,VIT_17s0000g07560,237,0.1150,EDS1 (Enhanced disease susceptibility 1),EDS1,,vv30011Jasmonate_signaling,
463,VIT_10s0003g04750,238,0.1145,NADPH-ferrihemoprotein reductase,E1_6_2_4,,vv10195Photosynthesis,
464,VIT_00s0323g00050,234,0.1140,Invertase/pectin methylesterase inhibitor,PMEI,,vv40006Cell_wall,
465,VIT_04s0023g02210,233,0.1129,SAM dependent carboxyl methyltransferase Methyltransf_7,,,,
466,VIT_18s0001g11630,234,0.1127,Allene oxide synthase,E4_2_1_92,,vv10592alpha-Linolenic_acid_metabolism,
467,VIT_14s0066g01620,230,0.1104,Hypoxia-responsive,,,,
468,VIT_11s0118g00080,227,0.1101,Disease resistance protein,,,,
469,VIT_13s0067g01580,226,0.1092,Anthocyaninless2 (ANL2),ANL2_4,,vv60034HB,
470,VIT_03s0110g00170,224,0.1088,CF4,K13470,,vv34626Plant-pathogen_interaction,
471,VIT_05s0020g03220,224,0.1086,S-receptor kinase,,,,
472,VIT_17s0000g03330,222,0.1073,Receptor serine/threonine kinase PR5K,,,,
473,VIT_08s0040g01570,218,0.1051,Protein kinase APK1A  chloroplast precursor,,,,
474,VIT_16s0013g00070<br>VIT_16s0039g02840<br>VIT_16s0013g00810,218,0.1050,
475,VIT_00s1405g00020,213,0.1034,WD40,,,,
476,VIT_13s0156g00360,210,0.1011,Emsy N terminus domain-containing protein,,,,
477,VIT_19s0090g00910,204,0.0987,Alanine racemase,E5_1_1_1,,vv10252Alanine_and_aspartate_metabolism,
478,VIT_18s0001g01370,204,0.0984,Wall-associated receptor kinase 5,,,,
479,VIT_13s0067g03130,203,0.0971,WRKY DNA-binding protein 55,WRKY55,VvWRKY40,vv60066WRKY,
480,VIT_11s0016g05540,201,0.0970,Dicyanin,,,,
481,VIT_11s0052g01460,198,0.0964,Receptor kinase TRKe,,,,
482,VIT_16s0098g00510,199,0.0961,Lipase class 3,,,,
483,VIT_14s0030g00650,198,0.0960,Shikimate dehydrogenase,E1_1_1_25,,vv10400Phenylalanine_tyrosine_and_tryptophan_biosynthesis,
484,VIT_03s0038g00250<br>VIT_03s0038g00230,197,0.0956,
485,VIT_14s0068g01980,198,0.0956,No hit,,,,
486,VIT_16s0050g01980,197,0.0952,EIX receptor 2,,,,
487,VIT_00s0214g00070,196,0.0947,ABC transporter C member 9,K05033,,vv52010ABC_transporters,
488,VIT_04s0008g00140,195,0.0937,Chitinase [Vitis vinifera],E3_2_1_14,,vv10530Aminosugars_metabolism,
489,VIT_10s0071g00150,192,0.0929,R protein disease resistance protein,RPROT,,vv34627R_proteins_from_Plant-pathogen_interaction,
490,VIT_06s0004g00540,193,0.0928,No hit,,,,
491,VIT_18s0001g07340,192,0.0927,Aspartic proteinase nepenthesin-1 precursor,E3_4_23_12,,,
492,VIT_16s0050g00400,192,0.0925,Photoassimilate-responsive protein PAR-1a,,,,
493,VIT_03s0017g01990,190,0.0919,UDP-glucose glucosyltransferase,E2_4_1_35,,vv10500Starch_and_sucrose_metabolism,
494,VIT_17s0000g09700,187,0.0901,Unknown protein,,,,
495,VIT_08s0007g05030,186,0.0896,Myb domain protein 36,MYB36_2,MYB150,vv60044MYB,
496,VIT_08s0040g00440,185,0.0890,Unknown protein,,,,
497,VIT_01s0011g05830,183,0.0886,ARR1 typeB,ARR1_1,,vv30007Cytokinin_signaling,vv60006ARR-B
498,VIT_05s0020g03620,183,0.0882,Unknown protein,,,,
499,VIT_17s0000g07950,179,0.0863,Unknown protein,,,,
500,VIT_15s0024g01160,178,0.0856,No hit,,,,
501,VIT_00s0262g00030,176,0.0851,CRK10 (cysteine-rich RLK10),,,,
502,VIT_18s0075g00440,174,0.0846,TIR-NBS-LRR disease resistance,,,,
503,VIT_13s0064g01700,171,0.0826,Glycosyl hydrolase family 1 protein,K01238,,vv10530Aminosugars_metabolism,
504,VIT_06s0004g02630,169,0.0818,Zinc finger (C3HC4-type ring finger),ZFC3HC4,,,
505,VIT_19s0015g02420,169,0.0817,Serine/threonine-protein kinase receptor ARK3,,,,
506,VIT_04s0008g06210,167,0.0812,Nodulin,,,,
507,VIT_08s0007g04350,168,0.0809,Protein kinase,,,,
508,VIT_06s0004g01990,167,0.0808,No hit,,,,
509,VIT_13s0047g01010,166,0.0801,R protein MLA10,K13475,,vv34627R_proteins_from_Plant-pathogen_interaction,
510,VIT_01s0146g00350,166,0.0801,Somatic embryogenesis protein kinase,,,,
511,VIT_02s0109g00310,164,0.0792,flavonoid 3-monooxygenase,E1_14_13_21,,vv10941Flavonoid_biosynthesis,
512,VIT_05s0051g00400,165,0.0791,Disease resistance-responsive family,,,,
513,VIT_16s0050g01500,164,0.0791,EMB2261 (embryo defective 2261),,,,
514,VIT_18s0089g01190,164,0.0791,Stage III sporulation protein AA,K06390,,vv50109Incompletely_characterized_transport_systems,
515,VIT_00s0262g00010,164,0.0790,Receptor kinase RK20-1,,,,
516,VIT_18s0001g05400,164,0.0790,Unknown,,,,
517,VIT_13s0064g01480,162,0.0780,Lipoxygenase LOX1,E1_13_11_12,,vv10592alpha-Linolenic_acid_metabolism,
518,VIT_17s0000g03390,160,0.0771,Calmodulin binding protein,K02183,,vv34020Calcium_signaling_pathway,vv34626Plant-pathogen_interaction
519,VIT_07s0005g00810,159,0.0769,Pollen Ole e 1 allergen and extensin,,,,
520,VIT_04s0023g01330,157,0.0761,Homeobox protein 5,VVHB5,VvHB18,vv60034HB,
521,VIT_08s0007g06590,157,0.0756,Lectin protein kinase,,,,
522,VIT_00s0181g00030,154,0.0747,No hit,,,,
523,VIT_12s0057g01110,152,0.0741,Nudix hydrolase 2,,,,
524,VIT_00s0340g00050,154,0.0741,Endo-1 4-beta-glucanase korrigan (KOR),E3_2_1_4,,vv40006Cell_wall,
525,VIT_08s0007g04910,153,0.0740,Dual specificity phosphatase Cdc25,CDC25,,vv44110Cell_cycle,
526,VIT_00s1405g00010,152,0.0738,WD40,,,,
527,VIT_03s0017g01000,149,0.0722,Amine oxidase,E1_4_3_4,,vv10220Urea_cycle_and_metabolism_of_amino_groups,vv10340Histidine_metabolism
528,VIT_12s0028g00610,149,0.0719,Aspartyl protease,E3_4_23_x,,,
529,VIT_14s0066g00240,146,0.0710,Alpha-L-fucosidase 2 precursor,E3_2_1_51,,vv10511N-Glycan_degradation,
530,VIT_09s0002g06040,146,0.0708,Monothiol glutaredoxin-S15 (AtGrxS15),K07390,,,
531,VIT_13s0019g01780,145,0.0699,Scarecrow transcription factor 14 (SCL14),SCL14_7,,vv60032GRAS,
532,VIT_07s0151g00740,145,0.0699,Non-specific lipid-transfer protein,,,,
533,VIT_19s0014g01060,144,0.0694,Sesquiterpene synthase,E2_5_1_21,,vv10100Biosynthesis_of_steroids,vv10900Terpenoid_biosynthesis
534,VIT_07s0104g01670,142,0.0684,HAK5 (High affinity K+ transporter 5),HAK5,,vv50125Porters_cat_66_to_94,
535,VIT_16s0039g00570,142,0.0678,10-deacetylbaccatin III 10-O-acetyltransferase,E2_3_1_167,,vv10904Diterpenoid_biosynthesis,
536,VIT_12s0034g02560,140,0.0677,DNA (cytosine-5)-methyltransferase (ATHIM),E2_1_1_37,,vv10271Methionine_metabolism,
537,VIT_11s0016g04330,139,0.0672,Unknown,,,,
538,VIT_01s0010g00710,138,0.0666,Armadillo/beta-catenin repeat protein / U-box domain-containing protein ,,,,
539,VIT_00s0229g00010,138,0.0665,No hit,,,,
540,VIT_03s0063g02650,136,0.0660,Hydrolase  alpha/beta fold,,,,
541,VIT_00s0748g00020,135,0.0655,Receptor kinase RK20-1,,,,
542,VIT_08s0056g01490,134,0.0650,Chaperone protein dnaJ,K03686,,vv50132Primary_active_transporter_cat_A5_to_A8,
543,VIT_06s0004g06830,134,0.0646,Asparagine synthetase,E6_3_5_4,,vv10910Nitrogen_metabolism,
544,VIT_04s0008g01200,133,0.0645,Eukaryotic translation initiation factor SUI1,,,,
545,VIT_14s0108g00930,133,0.0642,Unknown protein,,,,
546,VIT_14s0006g01460,132,0.0640,CHAT (acetyl coa:(z)-3-hexen-1-ol acetyltransferase),CHAT,,vv10592alpha-Linolenic_acid_metabolism,
547,VIT_12s0028g00860,131,0.0633,NAC domain-containing protein 42,NAC042_5,VvNAC36,vv60046NAC,
548,VIT_18s0089g00510,130,0.0630,Isopentenyltransferase 1,E2_5_1_27,,vv10908Zeatin_biosynthesis,
549,VIT_09s0002g00100,130,0.0627,Phytoene desaturase,K02293,,vv10906Carotenoid_biosynthesis,
550,VIT_00s0227g00190,129,0.0623,Phosphoglucomutase/phosphomannomutase C terminal,E5_4_2_2,,vv10010Glycolysis,vv10030Pentose_phosphate
551,VIT_14s0030g01340,127,0.0621,Beta-ketoacyl-CoA synthase,E2_3_1_41,,vv10061Fatty_acid_biosynthesis,
552,VIT_03s0038g04170,128,0.0618,Lectin protein kinase,,,,
553,VIT_07s0031g03030,127,0.0617,Calmodulin-binding protein,,,,
554,VIT_19s0015g01890,127,0.0615,BRL3 (BRI1-like 3),BRL3,,vv30005Brassinosteroids_signaling,
555,VIT_18s0072g00760,127,0.0614,G-protein-coupled receptor,,,,
556,VIT_02s0025g01590,126,0.0610,Triacylglycerol lipase,E3_1_1_3,,vv10561Glycerolipid_metabolism,
557,VIT_00s0388g00090<br>VIT_00s1830g00010<br>VIT_00s0388g00020,125,0.0607,
558,VIT_18s0117g00550,125,0.0604,Laccase,E1_10_3_2,,vv11000Single_reactions,vv50109Incompletely_characterized_transport_systems
559,VIT_18s0001g10670,124,0.0601,EF hand,,,,
560,VIT_05s0020g03730,123,0.0596,Lipid transfer protein,LTP,,,
561,VIT_00s0304g00080,121,0.0588,Trehalose-6-phosphate phosphatase,E3_1_3_12,,vv10500Starch_and_sucrose_metabolism,
562,VIT_05s0020g03290,122,0.0588,S-receptor kinase,,,,
563,VIT_13s0067g00790,121,0.0587,R protein  PRF  disease resistance protein,K13453,,vv34627R_proteins_from_Plant-pathogen_interaction,
564,VIT_04s0008g01030,121,0.0586,Unknown protein,,,,
565,VIT_05s0020g04070,119,0.0578,1 2-dihydroxy-3-keto-5-methylthiopentene dioxygenase 4,E1_13_11_53,,vv10271Methionine_metabolism,
566,VIT_12s0059g02630,117,0.0572,Ankyrin repeat protein family,K10380,,vv50108Accessory_factors_involved_in_transport,
567,VIT_03s0038g03150<br>VIT_03s0038g03170,118,0.0571,
568,VIT_11s0016g04720,117,0.0566,Blight-associated protein p12 precursor,,,,
569,VIT_18s0001g09680,116,0.0560,No hit,,,,
570,VIT_18s0001g02710,116,0.0558,Unknown protein,,,,
571,VIT_13s0067g01340,116,0.0558,Unknown protein,,,,
572,VIT_06s0080g00120,115,0.0556,Male sterility 2 (MS2) Acyl-CoA reductase,,,,
573,VIT_14s0083g00700,115,0.0555,BZIP transcription factor BZIP42,BZIP42,VvbZIP39,vv60012BZIP,
574,VIT_06s0004g03100,114,0.0552,MLO1,K08472,,,
575,VIT_18s0001g00380,114,0.0551,Alcohol dehydrogenase,E1_1_1_1,,vv10010Glycolysis,vv10071Fatty_acid_metabolism
576,VIT_08s0058g00310,112,0.0543,Scarecrow transcription factor family,SCLF_3,,vv60032GRAS,
577,VIT_05s0077g01680,110,0.0532,Mal d 1 allergen,,,,
578,VIT_14s0030g00700,109,0.0529,Transport protein particle (TRAPP) component Bet3,BET3,,vv50110Protein_coat,
579,VIT_13s0047g00490,105,0.0505,No hit,,,,
580,VIT_11s0016g02150,104,0.0504,Protein kinase CDG1,,,,
581,VIT_11s0016g05750,103,0.0498,HAT transposase,,,,
582,VIT_14s0030g01350,102,0.0495,WD-repeat protein 48,WDR48,,vv50133Primary_active_transporter_cat_A9_to_A18,
583,VIT_03s0017g00010,102,0.0495,No hit,,,,
584,VIT_02s0025g01810,102,0.0493,No hit,,,,
585,VIT_05s0020g02120,99,0.0483,Cationic peroxidase isozyme 40K precursor,E1_11_1_7,,vv10360Phenylalanine_metabolism,vv10680Methane_metabolism
586,VIT_02s0012g02790,99,0.0478,Secretory carrier membrane protein (SCAMP4),SCAMP4,,vv50110Protein_coat,
587,VIT_10s0116g01200,97,0.0468,WRKY DNA-binding protein 6,WRKY6_1,VvWRKY29,vv60066WRKY,
588,VIT_04s0008g06190,97,0.0468,Polyprotein,,,,
589,VIT_00s0566g00010,96,0.0465,Unknown protein,,,,
590,VIT_16s0050g02230,96,0.0464,Chitinase [Vitis vinifera],E3_2_1_14,,vv10530Aminosugars_metabolism,
591,VIT_01s0011g03480,95,0.0458,Cinnamoyl CoA reductase,E1_2_1_44,,vv10940Phenylpropanoid_biosynthesis,
592,VIT_16s0039g01710,94,0.0455,Myb domain protein 9,MYB9,MYB181,vv60044MYB,
593,VIT_07s0129g00360,93,0.0451,Peroxidase 73,E1_11_1_7,,vv10360Phenylalanine_metabolism,vv10680Methane_metabolism
594,VIT_13s0019g00540,93,0.0446,Ethylene-responsive protein,ERUNK_7,,vv30008Ethylene_signaling,vv60011BHLH
595,VIT_08s0040g01770,92,0.0444,Cyclic nucleotide-gated ion channel 15,K05391_CNGC15,,vv34626Plant-pathogen_interaction,vv50101Channels_and_pores
596,VIT_18s0089g00680,90,0.0438,Peru 2,,,,
597,VIT_09s0002g02310,90,0.0437,Metallo-beta-lactamase,E3_5_2_6,,vv10311Penicillin_and_cephalosporin_biosynthesis,
598,VIT_10s0116g00930,90,0.0436,Root hair defective 3 GTP-binding (RHD3),,,,
599,VIT_05s0165g00200,90,0.0436,Unknown protein,,,,
600,VIT_04s0008g01140,90,0.0435,Beta-fructosidase (BFRUCT1),E3_2_1_26,,vv10052Galactose_metabolism,vv10500Starch_and_sucrose_metabolism
601,VIT_08s0007g03980,90,0.0435,Pentatricopeptide (PPR) repeat-containing,,,,
602,VIT_06s0009g01040,89,0.0433,No hit,,,,
603,VIT_15s0021g01260,88,0.0430,Unknown,,,,
604,VIT_11s0118g00050,86,0.0417,EIX receptor,,,,
605,VIT_04s0023g01250,86,0.0414,Brassinosteroid Signaling positive regulator (BZR1),BZR1_1,,vv30005Brassinosteroids_signaling,vv60010BES1
606,VIT_02s0109g00290,85,0.0411,CYP76C6,,,,
607,VIT_18s0001g10270,84,0.0408,Basic helix-loop-helix protein SPATULA,SPATULA_1,,vv60011BHLH,
608,VIT_11s0065g00940,83,0.0404,Preprotein translocase secY subunit  chloroplast (CpSecY),K03076,,vv23060Protein_export,vv50113Thylakoid_targeting_pathway
609,VIT_15s0048g01200,83,0.0402,Subtilisin serine endopeptidase (XSP1),XSP1,,vv50101Channels_and_pores,
610,VIT_08s0007g08440,83,0.0401,Disease resistance protein,,,,
611,VIT_13s0064g01490,83,0.0400,Lipoxygenase,E1_13_11_12,,vv10592alpha-Linolenic_acid_metabolism,
612,VIT_16s0022g02070,82,0.0397,Unknown protein,,,,
613,VIT_18s0001g03160,81,0.0392,Nodulin MtN21 family,MTN21,,vv50122Porters_cat_7_to_17,
614,VIT_01s0010g02390,81,0.0392,Unknown protein,,,,
615,VIT_14s0081g00190,81,0.0391,No hit,,,,
616,VIT_09s0002g03010,81,0.0390,FRK1 (FLG22-induced receptor-like kinase 1),FRK1,,vv34626Plant-pathogen_interaction,
617,VIT_18s0166g00230,80,0.0386,S-receptor kinase,,,,
618,VIT_11s0016g03400,80,0.0383,MSS1 (sugar transport protein 13),MSS1,,vv50121Porters_cat_1_to_6,
619,VIT_11s0016g01650,79,0.0381,Ankyrin repeat,,,,
620,VIT_15s0021g01390,78,0.0380,Uclacyanin 3,UCC3,,,
621,VIT_13s0067g01940,77,0.0372,Abscisic acid receptor PYL4  RCAR10,RCAR10,,vv30001ABA_signaling,
622,VIT_18s0041g01640,77,0.0371,Leucine-rich repeat family protein,,,,
623,VIT_11s0065g01170,76,0.0366,Unknown protein,,,,
624,VIT_19s0085g00150,76,0.0366,Receptor Like Protein 26,,,,
625,VIT_12s0034g02580,75,0.0363,Leucine Rich Repeat receptor-like kinase,,,,
626,VIT_10s0003g01650,74,0.0357,Unknown,,,,
627,VIT_06s0009g00880,74,0.0357,Axial regulator YABBY2,YABBY2_1,,vv60019C2C2-YABBY,
628,VIT_13s0067g00780,74,0.0357,R protein  PRF  disease resistance protein,K13453,,vv34627R_proteins_from_Plant-pathogen_interaction,
629,VIT_08s0007g07120,73,0.0352,Kelch-like protein 18,K10455,,vv44110Cell_cycle,
630,VIT_07s0005g02050,72,0.0350,Carboxylic ester hydrolase,E3_1_1_1,,,
631,VIT_07s0151g00410,72,0.0349,Sulfate transporter 3.1 (AST12) (AtST1),SULTR3_1,,vv50124Porters_cat_30_to_64,
632,VIT_07s0005g01830,72,0.0346,Unknown protein,,,,
633,VIT_19s0085g01010,71,0.0342,No hit,,,,
634,VIT_05s0051g00080,70,0.0339,F-box protein PP2-B2,,,,
635,VIT_06s0004g01500,70,0.0338,Lipoxygenase (LOX2),E1_13_11_12,,vv10592alpha-Linolenic_acid_metabolism,
636,VIT_11s0016g02700,69,0.0333,IAA-amino acid hydrolase 2 (ILL2),ILL2,,vv11002Auxin_biosynthesis,
637,VIT_08s0058g01100,68,0.0328,Armadillo/beta-catenin repeat / U-box domain-containing protein,,,,
638,VIT_13s0073g00620,67,0.0323,MAM33 family,MAM33,,,
639,VIT_17s0000g06290,66,0.0320,Lipase GDSL,,,,
640,VIT_18s0001g15140,66,0.0319,Unknown,,,,
641,VIT_15s0048g01350,66,0.0318,Gibberellin receptor GID1L3,GID1C,,vv30010Gibberellin_signaling,
642,VIT_11s0016g05360,65,0.0315,Phospholipase D alpha 1 precursor (PLD 1) (Choline phosphatase 1),PLDA1,,vv10564Glycerophospholipid_metabolism,vv10565Ether_lipid_metabolism
643,VIT_07s0129g00570,64,0.0309,Transducin family protein / WD-40 repeat,,,,
644,VIT_01s0011g01360,64,0.0308,Copper-transporting ATPase RAN1,K01533_RAN1,,vv50131Primary_active_transporter_cat_A2_to_A4,
645,VIT_04s0008g05550,62,0.0299,SHR5-receptor-like kinase,,,,
646,VIT_06s0004g02010,62,0.0298,No hit,,,,
647,VIT_03s0091g00130,59,0.0286,Prp27,,,,
648,VIT_12s0059g00260,59,0.0285,Splicing factor STA1 (stabilized1),STABILIZED1,,vv23040Spliceosome,vv30009Flower_development
649,VIT_10s0071g00580,59,0.0284,Zfwd2 protein (ZFWD2),ZFWD2_4,,vv60018C3H,
650,VIT_04s0008g00610,58,0.0281,Zinc finger (CCCH-type) family protein,CCCHFAM_38,,vv60018C3H,
651,VIT_04s0008g06630,58,0.0280,Phototropic-responsive NPH3,,,,
652,VIT_12s0035g02230,57,0.0277,No hit,,,,
653,VIT_19s0014g04960,57,0.0276,Nodulation receptor kinase,,,,
654,VIT_06s0061g00470,57,0.0276,Myb domain protein 36,MYB36_1,MYB149,vv60044MYB,
655,VIT_12s0028g02680,57,0.0275,Unknown protein,,,,
656,VIT_15s0107g00340,57,0.0274,Lanthionine synthetase C,,,,
657,VIT_19s0093g00050,56,0.0271,R protein  PRF  disease resistance protein,K13453,,vv34627R_proteins_from_Plant-pathogen_interaction,
658,VIT_17s0000g02490,56,0.0271,No hit,,,,
659,VIT_07s0005g03410,54,0.0259,Globulin 11S,,,,
660,VIT_13s0019g04950,54,0.0259,KOW domain-containing transcription factor family protein,KOWDOM,,,
661,VIT_12s0034g02240,54,0.0258,Potassium channel AKT2/3,AKT2,,vv50101Channels_and_pores,
662,VIT_07s0289g00100,53,0.0257,Acetyl-CoA carboxylase,E6_4_1_2,,vv10061Fatty_acid_biosynthesis,vv10620Pyruvate_metabolism
663,VIT_08s0007g00890,53,0.0256,Tropinone reductase,E1_1_1_206,,vv10220Urea_cycle_and_metabolism_of_amino_groups,
664,VIT_11s0065g00290,52,0.0252,Galactokinase like protein,E2_7_1_6,,vv10052Galactose_metabolism,
665,VIT_04s0008g06830,52,0.0251,Biopterin transport-related protein BT1,BIOPTERIN,,vv50125Porters_cat_66_to_94,
666,VIT_02s0012g00690,51,0.0245,No hit,,,,
667,VIT_16s0039g02480,51,0.0245,Unknown,,,,
668,VIT_18s0041g01780,48,0.0231,Aspartic protease,E3_4_23_x,,,
669,VIT_00s1352g00010,47,0.0228,Myb domain protein 84,MYB84_3,MYB148,vv60044MYB,
670,VIT_00s0407g00050,47,0.0226,No hit,,,,
671,VIT_18s0001g06400,45,0.0218,No hit,,,,
672,VIT_04s0043g00690,45,0.0218,ARR22 Type A,ARR22,,vv30007Cytokinin_signaling,vv60072Orphans_Response_reg
673,VIT_15s0024g01670,45,0.0217,Receptor kinase RK20-1,,,,
674,VIT_02s0025g03000,44,0.0212,NGA1 (NGATHA1),NGATHA1_1,VvRAV3,vv60001ABI3VP1,
675,VIT_18s0089g00210,43,0.0208,Endo-1 4-beta-glucanase,E3_2_1_4,,vv40006Cell_wall,
676,VIT_10s0003g01700,43,0.0207,ER lumen protein retaining receptor (ERD2),,,,
677,VIT_12s0028g03470,42,0.0204,Haloacid dehalogenase hydrolase,E3_1_3_18,,vv10630Glyoxylate_and_dicarboxylate_metabolism,
678,VIT_07s0031g00760,42,0.0204,EF hand,,,,
679,VIT_14s0066g02110,42,0.0203,AAA-type ATPase,,,,
680,VIT_14s0006g02600,42,0.0203,Wall-associated kinase 4,,,,
681,VIT_06s0004g01180,42,0.0202,Peroxidase,E1_11_1_7,,vv10360Phenylalanine_metabolism,vv10680Methane_metabolism
682,VIT_03s0017g00250,42,0.0202,No hit,,,,
683,VIT_00s0805g00010,41,0.0199,Ethylene-induced calmodulin-binding protein 1,EICBP1_5,,vv30008Ethylene_signaling,vv30011Jasmonate_signaling
684,VIT_15s0021g02210,41,0.0198,Unknown protein,,,,
685,VIT_00s1682g00010,41,0.0197,Copper amine oxidase,E1_4_3_4,,vv10220Urea_cycle_and_metabolism_of_amino_groups,vv10340Histidine_metabolism
686,VIT_10s0042g00590,40,0.0192,Leucine-rich repeat receptor-like protein kinase 1,,,,
687,VIT_07s0141g00560,39,0.0188,No hit,,,,
688,VIT_18s0089g01340,39,0.0187,Class I peptide chain release factor; Helix-turn-helix  Fis-type,,,,
689,VIT_01s0113g00530,37,0.0180,No hit,,,,
690,VIT_09s0054g00500,37,0.0180,No hit,,,,
691,VIT_18s0089g01050,37,0.0179,PHD finger transcription factor,PHDFG_24,,vv60048PHD,
692,VIT_00s0357g00130,36,0.0175,Annexin ANN6,ANN6,,vv50101Channels_and_pores,
693,VIT_06s0004g06780,36,0.0174,PHD finger-like domain-containing protein 5A,K12834,,vv23040Spliceosome,
694,VIT_09s0002g07510,36,0.0174,Pentatricopeptide (PPR) repeat-containing protein,,,,
695,VIT_19s0027g01510,35,0.0170,No hit,,,,
696,VIT_11s0065g00630,35,0.0170,CYP706A12,,,,
697,VIT_10s0116g01900,35,0.0170,Unknown,,,,
698,VIT_07s0005g02310,35,0.0169,Expansin EXPA17,EXPA17,,vv30003Auxin_signaling,
699,VIT_00s0163g00150,34,0.0164,No hit,,,,
700,VIT_07s0129g00350,34,0.0164,Unknown protein,,,,
701,VIT_00s0541g00010,34,0.0164,Unknown,,,,
702,VIT_03s0038g00220,34,0.0163,Purple acid phosphatase 10 ATPAP10/PAP10,E3_1_3_2,,vv10740Riboflavin_metabolism,
703,VIT_09s0018g00310,33,0.0161,ABC transporter C member 1,K05665,,vv52010ABC_transporters,
704,VIT_11s0118g00040,33,0.0160,Receptor Like Protein 9,,,,
705,VIT_18s0001g11040,33,0.0159,Heme oxygenase 2,E1_14_99_3,,vv10860Porphyrin_and_chlorophyll_metabolism,
706,VIT_14s0108g01080,33,0.0158,Myb domain protein 106,MYB106_2,MYB141,vv60044MYB,
707,VIT_01s0011g03110,32,0.0155,Myb family,MYBGE_23,,vv60029G2-like,
708,VIT_12s0142g00760,32,0.0154,Leucine-rich repeat protein kinase,,,,
709,VIT_17s0000g06790,31,0.0150,flavin-containing monooxygenase,E1_14_13_8,,vv11000Single_reactions,
710,VIT_01s0010g01920,31,0.0150,Anionic peroxidase,E1_11_1_7,,vv10360Phenylalanine_metabolism,vv10680Methane_metabolism
711,VIT_08s0007g08960,30,0.0146,Ca2+-transporting ATPase type 2 isoform 4,K01537,,vv34020Calcium_signaling_pathway,vv50131Primary_active_transporter_cat_A2_to_A4
712,VIT_17s0000g04210,30,0.0146,Oleosin OLE-5,,,,
713,VIT_00s0131g00010,30,0.0145,Annexin ANN3,ANN3,,vv50101Channels_and_pores,
714,VIT_04s0044g00100,30,0.0145,Unknown protein,,,,
715,VIT_15s0046g03620,30,0.0145,2-oxo acid dehydrogenase  lipoyl-binding site,E1_2_4_1,,vv10010Glycolysis,vv10252Alanine_and_aspartate_metabolism
716,VIT_15s0021g02030,30,0.0145,Homoserine dehydrogenase,E1_1_1_3,,vv10260Glycine_serine_and_threonine_metabolism,vv10300Lysine_biosynthesis
717,VIT_04s0008g06130,29,0.0141,KNAT2 (knotted1-like homeobox gene 3),KNAT3_1,VvHB15,vv60034HB,
718,VIT_17s0000g09900,28,0.0136,Unknown protein,,,,
719,VIT_12s0059g01650,28,0.0135,Division site determinant MinD  Plastid,MIND1,,vv44110Cell_cycle,
720,VIT_00s0388g00060,28,0.0135,Receptor serine/threonine kinase,,,,
721,VIT_08s0058g00690,28,0.0135,WRKY DNA-binding protein 33,WRKY33_3,VvWRKY24,vv34626Plant-pathogen_interaction,vv60066WRKY
722,VIT_18s0075g00120,28,0.0135,Alpha-1 4-fucosyltransferase,E2_4_1_65,,vv10602Glycosphingolipid_biosynthesis,
723,VIT_09s0002g03100,27,0.0131,Light repressible receptor protein kinase,,,,
724,VIT_18s0001g06670,27,0.0130,Ring-H2 finger protein ATL1N,,,,
725,VIT_18s0089g00100,27,0.0130,R protein L6,K13477,,vv34627R_proteins_from_Plant-pathogen_interaction,
726,VIT_04s0023g01540,27,0.0130,Acidic leucine-rich nuclear phosphoprotein 32 member B,,,,
727,VIT_14s0030g00040,26,0.0126,Disease resistance protein (CC-NBS-LRR class),,,,
728,VIT_13s0067g01970,26,0.0125,Laccase,E1_10_3_2,,vv11000Single_reactions,vv50109Incompletely_characterized_transport_systems
729,VIT_05s0062g01260,26,0.0125,No hit,,,,
730,VIT_10s0116g00490,25,0.0122,Microtubule organization 1 protein (MOR1),MOR1,,vv44810Regulation_of_actin_cytoskeleton,
731,VIT_01s0026g01730,25,0.0121,WRKY DNA-binding protein 72,WRKY72_1,VvWRKY02,vv60066WRKY,
732,VIT_07s0151g00550,25,0.0121,BUD32 family protein kinase,,,,
733,VIT_17s0000g03350,25,0.0121,Serine/threonine protein kinase,,,,
734,VIT_01s0244g00100,25,0.0121,Serine carboxypeptidase S10,,,,
735,VIT_08s0007g06580,24,0.0116,Lectin protein kinase,,,,
736,VIT_02s0025g01430,23,0.0112,Zinc finger (C3HC4-type ring finger) family protein ATL1E,ATL1E_1,,vv60078Other_zf-C3HC4,
737,VIT_17s0000g05280,23,0.0112,UPF0737 protein AFP3,,,,
738,VIT_13s0158g00400,23,0.0111,R protein MLA10,K13475,,vv34627R_proteins_from_Plant-pathogen_interaction,
739,VIT_06s0061g00940,23,0.0111,Vacuolar protein sorting 41 (VPS41),VPS41,,vv50110Protein_coat,
740,VIT_17s0000g03470,23,0.0111,STAM-binding protein,E3_1_2_15,,vv24120Ubiquitin_mediated_proteolysis,
741,VIT_12s0055g00460,22,0.0107,TUBBY like protein 1 TLP10,TLP10_2,,vv60063TUB,
742,VIT_16s0050g01690,22,0.0107,Receptor kinase homolog LRK10,,,,
743,VIT_16s0022g00440,22,0.0106,Dynein light chain LC8-type,K10418,,vv44810Regulation_of_actin_cytoskeleton,
744,VIT_13s0074g00570,22,0.0106,Gamma-aminobutyric acid transporter,GAT1,,vv50123Porters_cat_18_to_29,
745,VIT_09s0002g06370,22,0.0106,Trafficking protein particle complex protein 2,TRAPPC2,,vv50110Protein_coat,
746,VIT_17s0000g09660,22,0.0106,No hit,,,,
747,VIT_13s0019g02020,22,0.0106,Thaumatin,,,,
748,VIT_14s0006g00910,22,0.0106,ATA15 protein,,,,
749,VIT_00s1008g00010,21,0.0102,Octicosapeptide/Phox/Bem1p (PB1) domain-containing protein,,,,
750,VIT_00s0787g00020,21,0.0101,Heat shock 70kDa protein 1/8,K03283,,vv23040Spliceosome,vv24141Protein_processing_in_endoplasmic_reticulum
751,VIT_03s0063g00780,21,0.0101,CXE carboxylesterase,E3_1_1_1,,,
752,VIT_16s0050g01340,21,0.0101,Retrovirus Pol polyprotein from transposon TNT 1-94,,,,
753,VIT_11s0052g00160,21,0.0101,ATP binding   related,,,,
754,VIT_17s0000g01290,21,0.0101,RGP1 (reversibly glycosylated polypeptide 1),E2_4_1_186,,vv10052Galactose_metabolism,
755,VIT_02s0025g00540,21,0.0101,Unknown,,,,
756,VIT_15s0046g01390,20,0.0097,Ethylene-responsive transcription factor cytokinin response factor 4,CRF4_2,VvERF056,vv30007Cytokinin_signaling,vv30008Ethylene_signaling
757,VIT_16s0098g00860,20,0.0097,Flavanone 3-hydroxylase,E1_14_11_9,,vv10941Flavonoid_biosynthesis,
758,VIT_01s0011g03020,19,0.0092,HAK5 (High affinity K+ transporter 5),HAK5,,vv50125Porters_cat_66_to_94,
759,VIT_05s0020g02730,19,0.0092,Nectarin IV NEC4,,,,
760,VIT_12s0034g02360,19,0.0092,SEC6,K06110,,vv44810Regulation_of_actin_cytoskeleton,vv50111Tethering_factors
761,VIT_06s0004g01400,19,0.0092,S-receptor kinase,,,,
762,VIT_04s0008g00120,19,0.0092,Chitinase precursor,E3_2_1_14,,vv10530Aminosugars_metabolism,
763,VIT_03s0038g01300,19,0.0091,Auxin-induced SAUR,SAUR,,vv30003Auxin_signaling,
764,VIT_13s0064g00940,18,0.0088,ferric reductase defective 3,FRD3,,vv50125Porters_cat_66_to_94,
765,VIT_02s0109g00430,18,0.0087,Nitrilase 4 (NIT4),K13035,,vv10910Nitrogen_metabolism,
766,VIT_12s0028g02660,18,0.0087,Acyl-CoA oxidase (ACX3),E1_3_3_6_ACX3,,vv10071Fatty_acid_metabolism,vv10592Alpha-linolenic_acid_metabolism
767,VIT_14s0066g02090,18,0.0086,AAA-type ATPase,,,,
768,VIT_08s0007g04220,17,0.0082,SER/ARG-rich protein kinase 4 SRPK4,,,,
769,VIT_09s0070g00240,17,0.0082,Cinnamoyl-CoA reductase,E1_2_1_44,,vv10940Phenylpropanoid_biosynthesis,
770,VIT_04s0008g00620,17,0.0082,Myb domain protein 68,MYB68_2,MYB153,vv60044MYB,
771,VIT_05s0020g00950,17,0.0082,Aspartyl protease,E3_4_23_40,,,
772,VIT_13s0064g00050,17,0.0082,Glutamine-fructose-6-phosphate transaminase 2,E2_6_1_16,,vv10251Glutamate_metabolism,vv10530Aminosugars_metabolism
773,VIT_08s0007g03800,17,0.0082,Unknown protein,,,,
774,VIT_13s0019g01750,16,0.0078,Unknown protein,,,,
775,VIT_04s0044g00720,16,0.0078,S-receptor kinase,,,,
776,VIT_13s0084g00340,16,0.0077,Unknown protein,,,,
777,VIT_08s0056g00510,16,0.0077,KH domain-containing protein,,,,
778,VIT_07s0129g00170,16,0.0077,Porin,K07267,,vv50101Channels_and_pores,
779,VIT_09s0002g04760,16,0.0077,SNF1-related protein kinase regulatory subunit beta-2 (AKIN beta-2),K08800,,,
780,VIT_12s0142g00310,15,0.0073,Oxygen evolving enhancer 3 (PsbQ),K08901,,vv10195Photosynthesis,vv50113Thylakoid_targeting_pathway
781,VIT_19s0027g00020,15,0.0073,WAG1,WAG1,,vv50004Auxin_transport,
782,VIT_12s0059g01150,15,0.0073,Dehydrogenase,,,,
783,VIT_18s0122g01480,15,0.0073,CYP87A2,,,,
784,VIT_09s0002g04120,15,0.0073,Ethylene-responsive protein,ERUNK_5,,vv30008Ethylene_signaling,vv60011BHLH
785,VIT_07s0005g04680,15,0.0073,ABC transporter C member 9,K05033,,vv52010ABC_transporters,
786,VIT_12s0034g00930,15,0.0073,Band 7 family,BAND7,,vv50108Accessory_factors_involved_in_transport,
787,VIT_08s0007g01230,15,0.0073,Lectin protein kinase,,,,
788,VIT_17s0000g07420,15,0.0072,EDS1 (Enhanced disease susceptibility 1),EDS1,,vv30011Jasmonate_signaling,
789,VIT_13s0084g00820,15,0.0072,Pepsin A,,,,
790,VIT_02s0087g00560,15,0.0072,Unknown protein,,,,
791,VIT_13s0106g00620,15,0.0072,Nitrogen fixation NifU,,,,
792,VIT_17s0119g00120,15,0.0072,Alpha-amylase/subtilisin inhibitor,E3_2_1_1,,vv10500Starch_and_sucrose_metabolism,
793,VIT_15s0024g00620,14,0.0068,Terminal flower 2 protein,TFL2,,vv30009Flower_development,
794,VIT_18s0001g04980,13,0.0063,Acetyl-CoA carboxylase 2 (ACC2),E6_4_1_2,,vv10061Fatty_acid_biosynthesis,vv10620Pyruvate_metabolism
795,VIT_01s0011g02680,13,0.0063,Myb-related protein 3R-1 (Plant c-MYB-like protein 1) MYB3R1,MYB3R1_5,,vv44110Cell_cycle,vv60044MYB
796,VIT_18s0001g09380,13,0.0063,Syntaxin 6,,,,
797,VIT_08s0040g02270,13,0.0063,No hit,,,,
798,VIT_07s0191g00200,13,0.0063,RNA helicase,,,,
799,VIT_08s0007g02850,13,0.0063,F-box family protein,,,,
800,VIT_14s0030g01710,13,0.0062,Unknown protein,,,,
801,VIT_14s0066g02660,12,0.0059,Hcr2-p1.2,,,,
802,VIT_12s0057g01500,12,0.0058,Calcium exchanger 5,K07300_CAX5,,vv50123Porters_cat_18_to_29,
803,VIT_07s0005g03970,12,0.0058,Peptide transporter protein 3,PTR3,,vv50122Porters_cat_7_to_17,
804,VIT_06s0009g01880,12,0.0058,Vacuolar protein sorting-associated protein 26,VPS26,,vv50110Protein_coat,
805,VIT_06s0004g07690,12,0.0058,Pentatricopeptide (PPR) repeat-containing,,,,
806,VIT_08s0040g00540,12,0.0058,VQ motif-containing protein,,,,
807,VIT_04s0044g01990,12,0.0058,Lectin protein kinase,,,,
808,VIT_17s0000g06210,12,0.0058,GASA like,GASAL,,vv30010Gibberellin_signaling,
809,VIT_04s0069g00980,12,0.0058,WRKY DNA-binding protein 51,WRKY51_4,VvWRKY12,vv60066WRKY,
810,VIT_00s2879g00020,12,0.0058,ATP-dependent Clp protease proteolytic subunit,E3_4_21_92,,,
811,VIT_00s0125g00310,12,0.0058,Unknown protein,,,,
812,VIT_19s0093g00450,12,0.0058,No hit,,,,
813,VIT_13s0019g04160,12,0.0058,Protein kinase,,,,
814,VIT_16s0013g01780,12,0.0058,Derlin-1,K11519,,vv24141Protein_processing_in_endoplasmic_reticulum,vv50133Primary_active_transporter_cat_A9_to_A18
815,VIT_13s0019g03650,12,0.0058,RARE-cold-inducible 2A,RCI2A,,vv50109Incompletely_characterized_transport_systems,
816,VIT_15s0021g01600,11,0.0053,Ethylene responsive element binding factor 2,ERF2,VvERF073,vv30008Ethylene_signaling,
817,VIT_03s0088g00700,11,0.0053,Pathogenesis related protein 1 precursor (pr1 gene),PRP1,,vv30011Jasmonate_signaling,vv34626Plant-pathogen_interaction
818,VIT_16s0098g00010,10,0.0049,Receptor-like protein kinase,,,,
819,VIT_06s0004g01430,10,0.0049,ABA glucosidase,ABAGLC,,vv11013ABA_biosynthesis,
820,VIT_08s0007g04820,10,0.0048,Pectate lyase,E4_2_2_2,,vv40006Cell_wall,
821,VIT_03s0132g00290,10,0.0048,Unknown,,,,
822,VIT_18s0001g09600,10,0.0048,HOS15 (High expression of osmotically responsive genes 15),,,,
823,VIT_14s0060g00090,10,0.0048,SNARE YKT6 1,K08516,,vv24130SNARE_interactions_in_vesicular_transport,
824,VIT_12s0028g01700,9,0.0044,WRKY DNA-binding protein 65,WRKY65_3,,vv60066WRKY,
825,VIT_11s0016g05260,9,0.0044,Unknown protein,,,,
826,VIT_15s0048g02070,9,0.0044,BON2-associated protein (BAP2),,,,
827,VIT_08s0040g02750,9,0.0044,Ankyrin repeat,K10380,,vv50108Accessory_factors_involved_in_transport,
828,VIT_19s0015g00070,9,0.0044,CYP71D10p,,,,
829,VIT_06s0004g03120,9,0.0044,MLO-like protein 3,K08472,,,
830,VIT_07s0151g00440,9,0.0044,AP2 domain containing protein,AINTEGUMENTA_2,VvAP2-18,vv30008Ethylene_signaling,vv60003AP2_EREBP
831,VIT_05s0049g00930,9,0.0044,Inorganic phosphate transporter 1-4,PHT1_4,,vv50121Porters_cat_1_to_6,
832,VIT_09s0002g00700,9,0.0044,Dormancy/auxin associated protein,DRM3,,vv30003Auxin_signaling,
833,VIT_07s0005g03420,9,0.0044,Globulin isoform 3 11S,,,,
834,VIT_08s0007g06610,9,0.0044,Lectin protein kinase,,,,
835,VIT_06s0009g03780,9,0.0044,Diphthine synthase,E2_1_1_98,,vv10271Methionine_metabolism,
836,VIT_13s0064g00200,9,0.0043,Unknown protein,,,,
837,VIT_02s0025g05130,9,0.0043,High mobility group HMG-I and HMG-Y  DNA-binding,HMGIY_4,,vv60035HMG,
838,VIT_12s0057g00010,9,0.0043,Diacylglycerol kinase,E2_7_1_107,,vv10561Glycerolipid_metabolism,vv10564Glycerophospholipid_metabolism
839,VIT_14s0030g01570,9,0.0043,AIN1 (ACC insensitive 1) 5'-3' exoribonuclease (XRN4),EIN5,,vv23018RNA_degradation,vv30008Ethylene_signaling
840,VIT_05s0020g03210,9,0.0043,S-receptor kinase,,,,
841,VIT_12s0057g00420,9,0.0043,Auxin-responsive protein AIR12,AIR12,,vv30003Auxin_signaling,
842,VIT_17s0000g10370,8,0.0039,No hit,,,,
843,VIT_04s0008g03800,7,0.0034,RNA recognition motif (RRM)-containing protein,,,,
844,VIT_04s0008g01090,7,0.0034,CYP706A12,,,,
845,VIT_13s0019g01990,7,0.0034,Phospholipid/glycerol acyltransferase,E2_3_1_51,,vv10561Glycerolipid_metabolism,vv10564Glycerophospholipid_metabolism
846,VIT_05s0062g00700,7,0.0034,UDP-glucose:flavonoid 7-O-glucosyltransferase,E2_4_1_237,,vv10941Flavonoid_biosynthesis,
847,VIT_06s0061g00090,7,0.0034,DnaJ homolog  subfamily C  member 7,K09527,,vv50132Primary_active_transporter_cat_A5_to_A8,
848,VIT_09s0002g08370,6,0.0029,TPR1 (topless-related 1),TPR1,,vv30003Auxin_signaling,
849,VIT_08s0007g03050,6,0.0029,E8 protein,E8,,vv30008Ethylene_signaling,
850,VIT_14s0066g02580,6,0.0029,Zinc finger (C3HC4-type ring finger),ZFC3HC4_86,,vv60078Other_zf-C3HC4,
851,VIT_18s0166g00070,6,0.0029,No hit,,,,
852,VIT_00s0480g00020,6,0.0029,Hydroxyproline-rich glycoprotein family protein,,,,
853,VIT_07s0005g01040,6,0.0029,Glycosyl transferase family 8 protein,,,,
854,VIT_04s0023g02500,6,0.0029,Unknown protein,,,,
855,VIT_08s0007g02940,6,0.0029,NAC domain containing protein 90,NAC090_1,VvNAC62,vv60046NAC,
856,VIT_14s0006g01710,6,0.0029,Isopentenyl-diphosphate delta-isomerase.,E5_3_3_2,,vv10100Biosynthesis_of_steroids,vv10900Terpenoid_biosynthesis
857,VIT_05s0020g03140,6,0.0029,Sugar transporter 13,STP13,,vv50121Porters_cat_1_to_6,
858,VIT_04s0008g04640,6,0.0029,Pentatricopeptide repeat-containing protein,,,,
859,VIT_03s0180g00290,6,0.0029,Gibberellin-regulated protein 4 (GASA4),GASA4,,vv30010Gibberellin_signaling,
860,VIT_19s0090g01290,6,0.0029,Serine/threonine-protein phosphatase PP-X isozyme 2,K01090,,,
861,VIT_09s0054g01750,6,0.0029,Unknown protein,,,,
862,VIT_03s0063g00990,6,0.0029,Blue (type 1) copper domain,,,,
863,VIT_01s0010g02520,6,0.0029,Lysine histidine transporter 1,LHT1,,vv50123Porters_cat_18_to_29,
864,VIT_14s0068g01050,6,0.0029,GCN5 N-acetyltransferase (GNAT),GCN5_20,,vv60082GNAT,
865,VIT_14s0006g02510,6,0.0029,Plastid movement impaired 15 (PMI15),,,,
866,VIT_03s0017g02110,6,0.0029,Anthocyanidin 3-O-glucosyltransferase,E2_4_1_115,,vv10942Anthocyanin_biosynthesis,
867,VIT_01s0011g05370,6,0.0029,Phosphoglucomutase  cytoplasmic,E5_4_2_2,,vv10010Glycolysis,vv10030Pentose_phosphate
868,VIT_16s0100g01100,6,0.0029,Stilbene synthase,E2_3_1_95,,vv10940Phenylpropanoid_biosynthesis,
869,VIT_17s0000g07800,6,0.0029,Unknown protein,,,,
870,VIT_14s0006g00410,6,0.0029,Binding,,,,
871,VIT_18s0001g00920<br>VIT_18s0075g00590<br>VIT_18s0001g00850<br>VIT_18s0075g00780<br>VIT_18s0001g00790<br>VIT_18s0001g00730<br>VIT_18s0001g00310<br>VIT_18s0075g00620<br>VIT_18s0075g00540<br>VIT_18s0075g00600<br>VIT_18s0075g00580<br>VIT_00s0481g00020<br>VIT_18s0001g00930,6,0.0029,
872,VIT_09s0002g02860,6,0.0029,No hit,,,,
873,VIT_12s0028g03760,6,0.0029,UPF0497 family,,,,
874,VIT_14s0066g01970,6,0.0029,Metalloendoproteinase 1 precursor,,,,
875,VIT_09s0002g08250,6,0.0029,No hit,,,,
876,VIT_08s0007g04250,6,0.0029,Exostosin,K02366,,vv11030Glycan_structures-biosynthesis1,
877,VIT_12s0028g03110,6,0.0029,Caffeoyl-CoA 3-O-methyltransferase,E2_1_1_104,,vv10940Phenylpropanoid_biosynthesis,
878,VIT_12s0134g00410,6,0.0029,frataxin protein,FRATAXIN,,vv50109Incompletely_characterized_transport_systems,
879,VIT_00s0181g00220,6,0.0029,Calmodulin-binding protein,K02183,,vv34020Calcium_signaling_pathway,vv34626Plant-pathogen_interaction
880,VIT_09s0002g03060,6,0.0029,Leucine-rich repeat protein kinase,,,,
881,VIT_01s0011g05470,6,0.0029,PGPS/D12,,,,
882,VIT_16s0050g02120,6,0.0029,HcrVf3 protein,,,,
883,VIT_01s0127g00560,6,0.0029,Protein disulfide isomerase,E5_3_4_1,,,
884,VIT_04s0023g00430,6,0.0029,Tyrosine specific protein phosphatase,,,,
885,VIT_00s0317g00140,6,0.0029,Exocyst subunit EXO70 H2,EXO70H2,,vv50111Tethering_factors,
886,VIT_12s0034g00530,5,0.0024,No hit,,,,
887,VIT_18s0001g09540,4,0.0019,MADS-box agamous-like 67,AGL67,,vv60042MADS,
888,VIT_08s0007g05960,4,0.0019,Calmodulin binding protein,,,,
889,VIT_14s0128g00200,4,0.0019,7S globulin precursor  basic,,,,
890,VIT_04s0008g05860,4,0.0019,Unknown,,,,
891,VIT_16s0100g00830<br>VIT_16s0100g01120<br>VIT_16s0100g00780<br>VIT_16s0100g00910,4,0.0019,
892,VIT_12s0057g01210,4,0.0019,Nitrate-responsive NOI protein,,,,
893,VIT_04s0008g05760,4,0.0019,WRKY DNA-binding protein 18,WRKY18_2,VvWRKY08,vv60066WRKY,
894,VIT_08s0058g00730,4,0.0019,Iron transporter,FERROPORTINREL,,vv50109Incompletely_characterized_transport_systems,
895,VIT_00s0265g00050,4,0.0019,1 3-beta-glucan synthase,E2_4_1_34,,vv10500Starch_and_sucrose_metabolism,
896,VIT_03s0091g01260,4,0.0019,No hit,,,,
897,VIT_04s0008g00400,4,0.0019,Clavata1 receptor kinase (CLV1),,,,
898,VIT_17s0000g10020,4,0.0019,1 3-beta-glucan synthase,E2_4_1_34,,vv10500Starch_and_sucrose_metabolism,
899,VIT_19s0027g00690,4,0.0019,Mutator-like transposase,,,,
900,VIT_04s0023g03160,3,0.0015,Unknown protein,,,,
901,VIT_04s0023g01270,3,0.0015,Transporter-related,TRANSPORTERUNK,,vv50109Incompletely_characterized_transport_systems,
902,VIT_05s0049g01170,3,0.0015,Unknown protein,,,,
903,VIT_05s0020g02260,3,0.0015,Sugar transporter ERD6-like 16,ERD6L16,,vv50121Porters_cat_1_to_6,
904,VIT_04s0008g05500,3,0.0015,S-receptor kinase,,,,
905,VIT_04s0069g00290,3,0.0015,Glutamate receptor 2.1,GLR2_1,,vv50101Channels_and_pores,
906,VIT_11s0016g02410,3,0.0015,MYB divaricata,DIVARICATA_3,,vv30009Flower_development,vv60044MYB
907,VIT_04s0044g01870,3,0.0015,Auxin efflux carrier,AUXEFF,,vv50004Auxin_transport,vv50125Porters_cat_66_to_94
908,VIT_14s0068g00510,3,0.0015,Unknown,,,,
909,VIT_09s0054g00260,3,0.0015,HcrVf1,,,,
910,VIT_16s0050g01550,3,0.0015,HcrVf2 protein,,,,
911,VIT_08s0007g02460,3,0.0015,Aspartyl protease,E3_4_23_x,,,
912,VIT_06s0004g01010,3,0.0015,Dirigent protein pDIR9,,,,
913,VIT_03s0091g00160,3,0.0015,NtPRp27 secretory protein,,,,
914,VIT_00s0145g00110,3,0.0015,Pirin,K06911,,,
915,VIT_10s0071g00310,3,0.0015,F-box/LRR-repeat protein 2,,,,
916,VIT_06s0009g02500,3,0.0015,Plastocyanin domain-containing protein,K02638,,vv10195Photosynthesis,vv50113Thylakoid_targeting_pathway
917,VIT_06s0080g00020,3,0.0015,Pentatricopeptide (PPR) repeat-containing protein,,,,
918,VIT_01s0026g00970,3,0.0015,Cupin family protein,,,,
919,VIT_18s0089g00110,3,0.0015,Nematode resistance-like protein,,,,
920,VIT_00s0271g00050,3,0.0015,Pentatricopeptide (PPR) repeat-containing protein,,,,
921,VIT_18s0001g13670,3,0.0015,Glyoxal oxidase-related,,,,
922,VIT_00s0250g00080,3,0.0015,Unknown,,,,
923,VIT_19s0015g01320,3,0.0015,Calcium exchanger 5,K07300_CAX5,,vv50123Porters_cat_18_to_29,
924,VIT_11s0016g00550,3,0.0015,Unknown protein,,,,
925,VIT_05s0049g00120,3,0.0015,Unknown protein,,,,
926,VIT_16s0039g00530,3,0.0015,BolA,,,,
927,VIT_01s0010g02600,3,0.0015,CDC48C,K14571,,vv23008Ribosome_biogenesis_in_Eukaryotes,vv44110Cell_cycle
928,VIT_03s0038g03220,3,0.0015,Chitin elicitor-binding CEBIP LysM domain-containing,K13473,,vv34626Plant-pathogen_interaction,
929,VIT_02s0241g00090,3,0.0015,Translation release factor,,,,
930,VIT_01s0010g02280,3,0.0015,Unknown protein,,,,
931,VIT_15s0045g00530,3,0.0015,DNA replication factor C complex subunit 3,K10756,,vv23030DNA_replication,vv23420Nucleotide_excision_repair
932,VIT_04s0008g04920,3,0.0015,2-oxoglutarate-dependent dioxygenase,,,,
933,VIT_00s0772g00020<br>VIT_00s1291g00010,3,0.0015,
934,VIT_10s0003g00470,3,0.0015,Isoflavone methyltransferase/ Orcinol O-methyltransferase 1 oomt1,E2_1_1_46,,vv10943Isoflavonoid_biosynthesis,
935,VIT_17s0000g03280,3,0.0015,Alcohol dehydrogenase 7,E1_1_1_1,,vv10010Glycolysis,vv10071Fatty_acid_metabolism
936,VIT_18s0001g05960,3,0.0015,Nuclear transport factor 2 (NTF2),NTF2,,vv50133Primary_active_transporter_cat_A9_to_A18,
937,VIT_18s0157g00070,3,0.0015,Alliin lyase precursor,E4_4_1_4,,vv10272Cysteine_metabolism,
938,VIT_04s0008g05270,3,0.0015,ATPase AFG1,,,,
939,VIT_16s0148g00070,3,0.0015,Receptor-like protein kinase,,,,
940,VIT_05s0020g03440,3,0.0015,Photosystem II 11 kDa protein PSB27,K08902,,vv10195Photosynthesis,vv50135Primary_active_transporter_cat_D3_to_E2
941,VIT_04s0008g03220,3,0.0015,Lysophospholipase,E3_1_1_5,,vv10564Glycerophospholipid_metabolism,
942,VIT_09s0002g02890,3,0.0015,FRK1 (FLG22-induced receptor-like kinase 1),FRK1,,vv34626Plant-pathogen_interaction,
943,VIT_06s0004g01480,3,0.0015,Lipoxygenase LOX1,E1_13_11_12,,vv10592alpha-Linolenic_acid_metabolism,
944,VIT_16s0039g01870,3,0.0015,Protein kinase,,,,
945,VIT_10s0003g05840,3,0.0015,Unknown protein,,,,
946,VIT_13s0019g01790,3,0.0014,Scarecrow transcription factor 14 (SCL14),SCL14_2,,vv60032GRAS,
947,VIT_15s0046g02270,3,0.0014,Unknown protein,,,,
948,VIT_16s0050g01950,3,0.0014,Disease resistance family protein / LRR family,,,,
949,VIT_04s0008g01470,3,0.0014,WRKY DNA-binding protein 50,WRKY50,VvWRKY06,vv60066WRKY,
950,VIT_10s0042g01470,3,0.0014,Armadillo/beta-catenin repeat,,,,
951,VIT_00s0294g00080,3,0.0014,Receptor kinase homolog LRK10,,,,
952,VIT_09s0018g00830,3,0.0014,Leucine-rich repeat family,,,,
953,VIT_11s0037g00790,3,0.0014,Serine carboxypeptidase II,,,,
954,VIT_00s0208g00060,3,0.0014,No hit,,,,
955,VIT_15s0024g00440,3,0.0014,R protein  PRF  disease resistance protein,K13453,,vv34627R_proteins_from_Plant-pathogen_interaction,
956,VIT_15s0046g01900,3,0.0014,ferric reduction oxidase 2,FRO2,,vv50105Transport_electron_carriers,
957,VIT_14s0081g00270,3,0.0014,Pentatricopeptide (PPR) repeat-containing protein,,,,
958,VIT_14s0068g01460,3,0.0014,Shikimate kinase,E2_7_1_71,,vv10400Phenylalanine_tyrosine_and_tryptophan_biosynthesis,
959,VIT_06s0004g00740,3,0.0014,Acyl-CoA synthetases (Acyl-activating enzyme 18),E6_2_1_3,,vv10071Fatty_acid_metabolism,vv50104Group_translocators
960,VIT_13s0047g00230,3,0.0014,Pectinesterase family,E3_1_1_11,,vv40006Cell_wall,
961,VIT_15s0024g00980,3,0.0014,Amidase,E3_5_1_4,,vv10220Urea_cycle_and_metabolism_of_amino_groups,vv10360Phenylalanine_metabolism
962,VIT_07s0031g01610,3,0.0014,Programmed cell death 2 C-terminal domain-containing protein,,,,
963,VIT_03s0038g02070,3,0.0014,TOC132,TOC132,,vv50133Primary_active_transporter_cat_A9_to_A18,
964,VIT_02s0012g01860,3,0.0014,RNA recognition motif (RRM)-containing protein,,,,
965,VIT_19s0015g02810,3,0.0014,No hit,,,,
966,VIT_12s0034g02350,3,0.0014,R protein disease resistance protein,RPROT,,vv34627R_proteins_from_Plant-pathogen_interaction,
967,VIT_06s0004g05820,3,0.0014,Import inner membrane translocase subunit Tim10  Mitochondrial,TIM10,,vv50132Primary_active_transporter_cat_A5_to_A8,
968,VIT_08s0058g00270,3,0.0014,Importin beta-2,K14293_2,,vv23013RNA_transport,vv50109Incompletely_characterized_transport_systems
969,VIT_16s0148g00210,3,0.0014,Receptor kinase homolog LRK10,,,,
970,VIT_01s0011g03860,3,0.0014,RKL1 (Receptor-like kinase 1),,,,
971,VIT_06s0061g01560,3,0.0014,PINOID,PINOID,,vv50004Auxin_transport,vv50125Porters_cat_66_to_94
972,VIT_02s0236g00020,3,0.0014,Unknown,,,,
973,VIT_16s0022g00700,3,0.0014,Pectinesterase family,E3_1_1_11,,vv40006Cell_wall,
974,VIT_08s0007g06880,3,0.0014,Unknown protein,,,,
975,VIT_15s0046g02150,3,0.0014,WRKY DNA-binding protein 24,WRKY24,VvWRKY48,vv60066WRKY,
976,VIT_17s0000g06390,3,0.0014,Pentatricopeptide (PPR) repeat-containing protein,,,,
977,VIT_06s0080g01060,3,0.0014,Calcium-binding EF hand,,,,
978,VIT_18s0041g02290,3,0.0014,No hit,,,,
979,VIT_10s0116g00750,3,0.0014,S-linalool synthase,E4_2_3_25,,vv10900Terpenoid_biosynthesis,
980,VIT_08s0007g01090,3,0.0014,DC1 domain-containing protein,,,,
981,VIT_13s0067g03330,3,0.0014,SNF2 domain-containing protein,SNF2HELFBOX,,vv60058SNF2,
982,VIT_08s0007g04060,3,0.0014,CYPLXXVIA2,,,,
983,VIT_01s0026g01720,3,0.0014,ATWHY1/PTAC1 (A. thaliana WHIRLY 1),WHY1,,vv30011Jasmonate_signaling,vv60047PBF-2-like
